file_name,file_size_bytes,global_entropy,md5,sha256,architecture,elf_type,os_abi,abi_version,endianness,entry_point,program_headers,load_segments,rwx_segments,has_interp,has_dynamic,has_gnu_stack,has_relro,num_libraries,is_statically_linked,num_uncommon_libraries,num_imported_functions,num_exported_functions,import_export_ratio,num_dynamic_symbols,num_static_symbols,is_stripped,num_suspicious_imports,has_debug_info,num_sections,section_headers_present,num_nonstandard_sections,num_executable_sections,text_size_ratio,max_section_entropy,mean_section_entropy,has_packer_signature,overlay_size_bytes,has_overlay,entropy_variance,entropy_high_ratio,num_strings,avg_string_len,max_string_len,num_ip_strings,num_url_strings,num_suspicious_strings,num_high_entropy_strings
00e6f2d4ee413648eb7f13f1205a6a41bb7894bcd3c237f29071c54700cc7385,9984,4.7615,efc62ec7527e1a7cee8273eb98af83f4,00e6f2d4ee413648eb7f13f1205a6a41bb7894bcd3c237f29071c54700cc7385,MIPS,EXEC,SYSTEMV,0,MSB,4197008,8,2,2,True,True,True,False,2,0,0,34,8,4.25,57,0,1,6,0,28,1,11,4,0.391026,5.145,2.3921,0,1121,1,1.3086,0.0,128,8.39,26,0,0,2,0
04bd454862836deab290ffc5e9bc0f4a18604fc7f33a9e962cdb9e717ccf3862,106508,5.738,73313f3011e06663f2592a6e36cbe203,04bd454862836deab290ffc5e9bc0f4a18604fc7f33a9e962cdb9e717ccf3862,MIPS,EXEC,SYSTEMV,0,MSB,4202592,8,2,2,True,True,True,False,4,0,2,88,65,1.3538,194,0,1,17,0,29,1,12,4,0.634394,5.4156,2.6753,0,1160,1,0.7208,0.0,1518,12.63,344,5,15,16,22
0bd08ea80088de9f3d1f1d396cf6f885aa8472590e73652e83c5a06e703d097d,39824,5.2949,b480c4960649ed90974b0cba0fbf6243,0bd08ea80088de9f3d1f1d396cf6f885aa8472590e73652e83c5a06e703d097d,MIPS,EXEC,SYSTEMV,0,MSB,4198352,8,2,2,True,True,True,False,2,0,0,63,16,3.9375,95,0,1,4,0,28,1,11,4,0.625552,5.3758,2.5598,0,0,0,1.6925,0.0,502,8.28,29,0,0,0,0
0d806d2bb3b0024559ac7978328a3e81693dde122d6b83b7d55ba823c5c0b3c0,673692,5.4882,9ad7ee8782ec03302b8cff7a1dc7f015,0d806d2bb3b0024559ac7978328a3e81693dde122d6b83b7d55ba823c5c0b3c0,MIPS,EXEC,SYSTEMV,0,MSB,4224272,7,2,2,True,True,True,False,9,0,6,208,464,0.4483,707,0,1,21,0,27,1,10,4,0.784572,5.449,2.9146,0,0,0,1.3051,0.0,5932,10.58,85,9,5,34,8
0df849def47c5d9754db7edfd6d1124fdbca9e996eb37e1bc23d24960f5ca698,12988,5.0103,47cdcde14b3056d024915aff0bba1284,0df849def47c5d9754db7edfd6d1124fdbca9e996eb37e1bc23d24960f5ca698,MIPS,EXEC,SYSTEMV,0,MSB,4197168,8,2,2,True,True,True,False,2,0,0,32,10,3.2,64,0,1,1,0,28,1,11,4,0.437327,5.0282,2.3087,0,1121,1,1.1262,0.0,231,6.92,23,0,0,2,0
15b2749e45a64d7060dde5c77b1f27fa1f288bce46ebe6fd2360d0d322fc2200,12000,5.0373,c08772b8824fdb34034e3331631a30f4,15b2749e45a64d7060dde5c77b1f27fa1f288bce46ebe6fd2360d0d322fc2200,MIPS,EXEC,SYSTEMV,0,MSB,4197088,8,2,2,True,True,True,False,13,0,10,32,3,10.6667,48,0,1,3,0,27,1,10,4,0.492,5.0437,2.3668,0,1083,1,1.1382,0.0,141,11.56,83,0,0,2,0
1fd9189d04099b2b4f69e1725c327607f0f2a940cacd10154ba2a91963f37cc5,111640,5.5055,10ad49de3b564682e7a39920eb1c1f04,1fd9189d04099b2b4f69e1725c327607f0f2a940cacd10154ba2a91963f37cc5,MIPS,EXEC,SYSTEMV,0,MSB,4203296,8,2,2,True,True,True,False,4,0,1,84,105,0.8,222,0,1,8,0,29,1,12,4,0.687352,5.6044,2.6012,0,1160,1,1.6066,0.0,1374,7.25,30,0,0,0,0
3106ae6f22e51f7a5a8c8b82ffb10a3241e83fe4f1a0ccb729dc9f71fb9347ec,23232,5.1386,e2fa7724599f556035ef5d8b94852826,3106ae6f22e51f7a5a8c8b82ffb10a3241e83fe4f1a0ccb729dc9f71fb9347ec,MIPS,EXEC,SYSTEMV,0,MSB,4198080,8,2,2,True,True,True,False,3,0,0,36,29,1.2414,80,0,1,5,0,27,1,10,4,0.630854,5.3089,2.4567,0,1083,1,1.1422,0.0,165,9.87,31,1,0,0,0
3276a9f59d0fe9cf41a3fe7a39ddb19c9356cb0a208f9d77be418fadc9c66ad5,15916,5.0953,ee7e6c67a69f2e779ffc1371799335a4,3276a9f59d0fe9cf41a3fe7a39ddb19c9356cb0a208f9d77be418fadc9c66ad5,MIPS,EXEC,SYSTEMV,0,MSB,4196736,8,2,2,True,True,True,False,14,0,11,23,3,7.6667,39,0,1,3,0,27,1,10,4,0.607188,4.9779,2.3123,0,1083,1,1.1332,0.0,212,8.7,34,1,0,6,0
36537dc4a27c9b1577fa10b3aec6ed4093fe0b56005950601e1a4db2778e6f38,110904,5.4013,3981851f602d0099cbf2521144e67077,36537dc4a27c9b1577fa10b3aec6ed4093fe0b56005950601e1a4db2778e6f38,MIPS,EXEC,SYSTEMV,0,MSB,4205472,8,2,2,True,True,True,False,5,0,2,181,48,3.7708,261,0,1,9,0,29,1,12,4,0.54072,5.1716,2.5248,0,1160,1,1.0324,0.0,2445,8.02,60,4,0,2,0
38025880de336586b8b8b65594fa998953704ea35945bc46e6553fb0347884ef,15744,4.9459,1a85f13b081db1a16c134060045075c6,38025880de336586b8b8b65594fa998953704ea35945bc46e6553fb0347884ef,MIPS,EXEC,SYSTEMV,0,MSB,4197984,8,2,2,True,True,True,False,3,0,1,36,26,1.3846,81,0,1,6,0,28,1,11,4,0.493902,5.2052,2.5264,0,436,1,1.3536,0.0,174,8.15,23,0,0,2,0
3proxy,225160,5.9736,f9510739f31238e7590911b997b2a631,60e20b5d43e709ca8225f8045f6d337430d7e6858b861969372c0fd3c5707ee4,MIPS,EXEC,SYSTEMV,1,LSB,4207808,10,2,0,True,True,True,False,4,0,0,123,145,0.8483,327,0,1,16,0,34,1,13,5,0.742654,5.9518,2.8324,0,1361,1,1.0583,0.0,2137,8.62,119,1,5,5,2
47f9e5b21252e939c436b533c9bf84aceac2d0e911ac2f5810e5434113caafae,261076,5.6979,8171e814ba6cd3927bc26fe1407e1fe7,47f9e5b21252e939c436b533c9bf84aceac2d0e911ac2f5810e5434113caafae,MIPS,EXEC,SYSTEMV,0,MSB,4217056,7,2,2,True,True,True,False,4,0,1,153,196,0.7806,606,0,1,24,0,28,1,10,4,0.712498,5.5276,3.0262,0,0,0,0.678,0.002,4029,7.5,35,0,0,5,0
4e3933721482d187110e8e1d95a8b98b62d7e8cd1559e069479a77fb9f65b2fb,5836,4.3469,755394cbaaedc6d0b6908888bb961bc7,4e3933721482d187110e8e1d95a8b98b62d7e8cd1559e069479a77fb9f65b2fb,MIPS,EXEC,SYSTEMV,0,MSB,4196320,8,2,2,True,True,True,False,4,0,2,17,4,4.25,35,0,1,0,0,27,1,10,4,0.268677,4.8197,2.2855,0,1083,1,1.3137,0.0,85,8.12,23,0,0,0,0
538408cbc686854d9dbfd47e59fd5ed57ad45c070da9888392a36a854b634d65,338616,5.6999,46deac0c21a099fc3a45ca4b383a81cf,538408cbc686854d9dbfd47e59fd5ed57ad45c070da9888392a36a854b634d65,MIPS,EXEC,SYSTEMV,0,MSB,4205296,7,2,2,True,True,True,False,3,0,1,268,3,89.3333,300,0,1,36,0,27,1,10,4,0.864401,5.5808,2.8797,0,0,0,0.3428,0.0008,3620,6.3,45,1,0,12,2
561ab9a7581cc2431e52e5da88086f3dd16b7a4adbfbbe37d811df0e99dc8654,15188,5.3261,af53564e4122697132997a7a4b65cd32,561ab9a7581cc2431e52e5da88086f3dd16b7a4adbfbbe37d811df0e99dc8654,MIPS,EXEC,SYSTEMV,0,MSB,4197408,8,2,2,True,True,True,False,2,0,0,50,3,16.6667,68,0,1,8,0,28,1,11,4,0.476165,5.4454,2.4559,0,0,0,1.535,0.0,282,8.0,35,7,0,0,1
5b6a3a0d5b6855a98bd6d38d22752494da15cb4184bf26a49b8f2d57c16c713f,32024,5.5146,c6b23a2ee399417fdf00c9a33b151e11,5b6a3a0d5b6855a98bd6d38d22752494da15cb4184bf26a49b8f2d57c16c713f,MIPS,EXEC,SYSTEMV,0,MSB,4199360,8,2,2,True,True,True,False,2,0,0,52,37,1.4054,122,0,1,6,0,28,1,11,4,0.544592,5.5122,2.5252,0,0,0,1.2759,0.0,571,8.29,44,0,1,1,0
5d01215f2bbf77e0176808054df8108db697a4c3a8dec7156a945539c4f7009a,12032,5.0032,22ffa58dae86847bbfaf0f227f2d7e00,5d01215f2bbf77e0176808054df8108db697a4c3a8dec7156a945539c4f7009a,MIPS,EXEC,SYSTEMV,0,MSB,4197168,8,2,2,True,True,True,False,14,0,11,32,3,10.6667,48,0,1,3,0,27,1,10,4,0.461436,4.9787,2.3576,0,1083,1,1.1148,0.0,229,8.22,27,1,0,0,0
5d982e5b7f8982554f78e850372febf79113279002e60ad9fce2224aa8298f01,106484,5.2783,e3c56f2797ae8518509fb818993a696b,5d982e5b7f8982554f78e850372febf79113279002e60ad9fce2224aa8298f01,MIPS,EXEC,SYSTEMV,0,MSB,4211456,8,2,2,True,True,True,False,8,0,4,250,116,2.1552,428,0,1,23,0,29,1,12,4,0.63063,5.1435,2.649,0,1161,1,1.0282,0.0,1198,9.61,34,6,0,26,0
5f38df0d94ae12394cd846313d0e015b4862caf0e94eacf4253fe281cd4b0e1c,17288,5.084,0c86b022cd883cba05f8e9dac57cc2e8,5f38df0d94ae12394cd846313d0e015b4862caf0e94eacf4253fe281cd4b0e1c,MIPS,EXEC,SYSTEMV,0,MSB,4198704,8,2,2,True,True,True,False,14,0,11,81,3,27.0,97,0,1,10,0,28,1,11,4,0.380379,5.1184,2.4088,0,1122,1,1.454,0.0,281,9.85,76,0,0,19,0
61664fb714375a67aa6936128039c2f2018c98daa627db2c3c446223767cbd64,88172,5.4711,734980681ac458f8555d7ead90d31b03,61664fb714375a67aa6936128039c2f2018c98daa627db2c3c446223767cbd64,MIPS,EXEC,SYSTEMV,0,MSB,4202112,8,2,2,True,True,True,False,7,0,3,125,20,6.25,178,0,1,2,0,28,1,11,4,0.663612,5.4021,2.5673,0,0,0,1.1651,0.0,1328,7.76,67,1,0,17,0
6relayd,45660,5.8772,a34883d7ae6a445c3b52e502e72519b5,db38dc7d049965dcff64ddafbd29c02eff6c6d7c3c13bb7c15376cddafd6ea91,MIPS,EXEC,SYSTEMV,1,LSB,4200496,10,2,0,True,True,True,False,3,0,1,71,2,35.5,79,0,1,11,0,32,1,11,4,0.72431,6.0065,2.5524,0,1283,1,1.2864,0.0,422,7.2,32,0,0,0,0
7263e15fffabc16f41d1ce9a87a3527c7476d8e05286ef7100b855efccc1ae25,145724,5.4697,3d45f55763ee725222297a113264feb2,7263e15fffabc16f41d1ce9a87a3527c7476d8e05286ef7100b855efccc1ae25,MIPS,EXEC,SYSTEMV,0,MSB,4206608,8,2,2,True,True,True,False,5,0,2,166,94,1.766,291,0,1,10,0,28,1,11,4,0.643408,5.2295,2.6157,0,1121,1,0.9023,0.0,2318,8.24,41,12,0,3,0
731ac336028dd59d544634fdfba657854b09f5b8ad629c8d7a425605c1226d27,4892,4.1875,b0a71b3993633fc45e81b0e1f85e4c53,731ac336028dd59d544634fdfba657854b09f5b8ad629c8d7a425605c1226d27,MIPS,EXEC,SYSTEMV,0,MSB,4196352,8,2,2,True,True,True,False,14,0,11,11,3,3.6667,27,0,1,0,0,27,1,10,4,0.183156,4.8121,2.2051,0,1083,1,1.4431,0.0,70,10.27,27,0,0,0,0
747a8d4b3769784e61c4b3ced25c423809df067d1a171248cb7fbde401769160,26920,5.3027,32fe52e4a562046674fccc35d405f428,747a8d4b3769784e61c4b3ced25c423809df067d1a171248cb7fbde401769160,MIPS,EXEC,SYSTEMV,0,MSB,4199984,8,2,2,True,True,True,False,14,0,11,60,44,1.3636,118,0,1,2,0,27,1,10,4,0.477266,5.3007,2.4529,0,1083,1,1.227,0.0,473,8.64,33,0,0,5,0
7zz,3583736,5.8684,39c2614ec7b7486b2ca182d53ef41809,c2725d1084df2b3db458f1cf6af35af63e82ae93be68093e3f3e5a5796c8bb9e,MIPS,EXEC,SYSTEMV,1,LSB,4441248,11,2,0,True,True,True,False,6,0,1,132,2580,0.0512,3107,0,1,5,0,38,1,15,5,0.747167,6.3631,3.4249,0,1520,1,0.9024,0.0004,9010,18.68,235,0,0,1,1338
838a7f6e92e185f417359cfc1f92dd8f49239994fd3df808628c9656e664d4ff,5876,4.3372,cb7538a0e219d36c729228036455d0a5,838a7f6e92e185f417359cfc1f92dd8f49239994fd3df808628c9656e664d4ff,MIPS,EXEC,SYSTEMV,0,MSB,4196368,8,2,2,True,True,True,False,14,0,11,11,3,3.6667,29,0,1,0,0,27,1,10,4,0.228727,4.8532,2.2757,0,1083,1,1.39,0.0,98,8.9,23,0,0,0,0
8767d3bfad5ee1344d0734f544c6e9b251fa7298f2f6523d2ffba6398da708c9,47428,5.5901,209ebcf39622254b7e3ed7bdf7621bd2,8767d3bfad5ee1344d0734f544c6e9b251fa7298f2f6523d2ffba6398da708c9,MIPS,EXEC,SYSTEMV,0,MSB,4199216,8,2,2,True,True,True,False,3,0,1,68,29,2.3448,113,0,1,12,0,27,1,10,4,0.740153,5.7107,2.6344,0,1083,1,1.0889,0.0,312,8.58,28,0,0,0,0
87dae4cdf5fd6327a96305d05d2b6d9524dff941b2f38de26d576fb1aaa6b212,122632,5.6848,c55750f5f9a3f541f7de5a1360994605,87dae4cdf5fd6327a96305d05d2b6d9524dff941b2f38de26d576fb1aaa6b212,MIPS,EXEC,SYSTEMV,0,MSB,4202224,8,2,2,True,True,True,False,2,0,0,82,84,0.9762,198,0,1,13,0,28,1,11,4,0.680932,5.652,2.7244,0,0,0,0.7982,0.0021,1983,7.28,152,0,0,1,0
8c8a879d1c7d575feb56e033434a006e3481c4014e051bb62bdf92834d42f646,6704,4.5823,08e33eec00e981ba14e849318d4a112b,8c8a879d1c7d575feb56e033434a006e3481c4014e051bb62bdf92834d42f646,MIPS,EXEC,SYSTEMV,0,MSB,4196640,8,2,2,True,True,True,False,14,0,11,16,3,5.3333,36,0,1,0,0,27,1,10,4,0.26253,4.977,2.2863,0,1083,1,1.5465,0.0,114,9.28,23,0,0,0,0
99be99284140497c3d6fdde37c4f117c13b4bcb86b7988db5961611dfa77dec0,55092,5.4357,1f81522bf8a8f21b699d40c9425c48e8,99be99284140497c3d6fdde37c4f117c13b4bcb86b7988db5961611dfa77dec0,MIPS,EXEC,SYSTEMV,0,MSB,4194576,3,2,1,False,False,True,False,0,1,0,0,0,0.0,0,0,1,0,0,16,1,6,3,0.880273,5.4835,2.7038,0,0,0,0.8297,0.0,320,5.59,60,0,0,0,1
AdGuardHome,36569245,6.1951,26add426ff5a8de67f3f5ee6700d6a4a,028306518ff5f932248bbb89b024f94312283cd82b0ad7aa8da8a8eee4e0194e,MIPS,EXEC,SYSTEMV,0,LSB,928852,6,3,0,False,False,True,False,0,1,0,0,0,0.0,0,0,1,0,0,16,1,10,1,0.401373,6.5546,4.7479,0,0,0,0.4393,0.0032,474284,20.86,159696,1026,3871,1668,17528
NetRocks-FILE.broker,72848,5.8187,7e524ab1519086109d10268c7e190e50,0b1b3731f4f8937c45bd9c5108974e59f12efe5588a6702baeaaba873c7cd830,MIPS,EXEC,SYSTEMV,1,LSB,4205936,10,2,0,True,True,True,False,5,0,1,91,35,2.6,139,0,1,5,0,35,1,12,5,0.651439,5.7063,3.2087,0,648,1,1.0157,0.0,376,13.45,132,0,0,1,6
NetRocks-FTP.broker,200696,5.8014,be1acb9d2efe9156f388f8a7fcfb7a34,4249888f84ed9b6fc2d06964d491380d57007af29fddd218fef8aac78c67f7ea,MIPS,EXEC,SYSTEMV,1,LSB,4210416,10,2,0,True,True,True,False,7,0,3,127,49,2.5918,190,0,1,13,0,35,1,12,5,0.755929,5.6925,3.2639,0,592,1,0.9626,0.0,767,12.99,210,0,0,1,18
NetRocks-NFS.broker,108188,5.8879,1fe756a3282283857c135a1bb9898d13,87c840759bba98a3172b2d313e8b29412937eb7f8e6e7507c7d2af6210aa0eba,MIPS,EXEC,SYSTEMV,1,LSB,4209424,10,2,0,True,True,True,False,7,0,3,111,52,2.1346,177,0,1,6,0,35,1,12,5,0.68148,5.7138,3.2101,0,644,1,0.9727,0.0,513,15.77,228,0,0,1,10
NetRocks-SFTP.broker,245868,5.8903,290ace831e6eec27b3db3064ac904074,2f6d13dfd423fb1473da9d6066e32ae469521be20ac8657b0d50b0e63b4aac2f,MIPS,EXEC,SYSTEMV,1,LSB,4216432,10,2,0,True,True,True,False,6,0,2,200,61,3.2787,275,0,1,14,0,35,1,12,5,0.761189,5.7129,3.3145,0,328,1,0.6611,0.0,946,13.23,211,0,0,4,21
NetRocks-SHELL.broker,233328,5.9752,9d07d93e15c4998710d7761d67b98c0a,865ebbfb1a016ae95c2ef039ad03df4cbef71159da891450e89178bc156cb0a8,MIPS,EXEC,SYSTEMV,1,LSB,4215104,10,2,0,True,True,True,False,5,0,1,155,60,2.5833,238,0,1,11,0,35,1,12,5,0.775286,5.7858,3.3092,0,256,1,0.5414,0.0,930,12.62,210,0,0,1,16
NetRocks-WebDAV.broker,124992,5.9102,a283affb1a87cbcb1fc164fc11e48d80,bee4c6fcd869fb0dcb41b9734a341a92af3cdf12ddba3e7e5fbbc90a74a6cc6e,MIPS,EXEC,SYSTEMV,1,LSB,4209568,10,2,0,True,True,True,False,6,0,2,128,48,2.6667,190,0,1,7,0,35,1,12,5,0.721838,5.7329,3.2408,0,628,1,0.7662,0.0,522,14.59,210,0,1,2,11
a02d6af5b7ea65b2f0f9994ba881d50a31cde9692aeb52e0f4aef6437b3f6785,11056,4.972,39f5d97c9e79369f0f8ba0d978aa0833,a02d6af5b7ea65b2f0f9994ba881d50a31cde9692aeb52e0f4aef6437b3f6785,MIPS,EXEC,SYSTEMV,0,MSB,4197088,8,2,2,True,True,True,False,2,0,0,36,9,4.0,60,0,1,6,0,27,1,10,4,0.450072,5.3298,2.4471,0,696,1,1.5758,0.0,152,7.62,23,1,0,1,0
ab,52580,5.9425,20850e2d68f6317fa0c3099d2b1d85e2,e9a00bf4cd3bcd07acb9d44b998a5fb5b57dddcbca32a9cfcba1db665a222f56,MIPS,EXEC,SYSTEMV,1,LSB,4211344,10,2,0,True,True,True,False,12,0,6,146,2,73.0,153,0,1,12,0,34,1,13,5,0.506352,6.0185,2.6184,0,0,0,1.4964,0.0,1178,8.31,74,0,4,6,0
accel-cmd,14492,5.436,592020a430e819dd52c2eb8932eceada,fa07ea4701575793b0358eb156b1bd8d6cd9453df5fc62ed31ed0f1de93d4933,MIPS,EXEC,SYSTEMV,1,LSB,4199920,10,2,0,True,True,True,False,2,0,0,31,6,5.1667,52,0,1,4,0,32,1,11,4,0.398565,5.6987,2.5167,0,1283,1,1.4954,0.0,369,7.04,27,0,0,0,0
accel-pppd,173052,5.6345,54e080df5e70c730cbd9659ade99fc73,e7a35ff6fcbaa046b8c3b9c2dbc2caf1caf102902ec2cf5a9c5baaa8f455d269,MIPS,EXEC,SYSTEMV,1,LSB,4212032,11,2,0,True,True,True,False,9,0,4,155,151,1.0265,337,0,1,20,0,36,1,14,5,0.679472,5.7713,2.8086,0,1443,1,1.4166,0.0,2030,7.64,64,0,0,1,0
aconnect,14588,5.1113,78838d0fcefacef0c351a0096ce5f71a,277b2fde51a7a6065425fb030645ca1ac34e5c20d7aafee707950e155872b445,MIPS,EXEC,SYSTEMV,1,LSB,4200752,10,2,0,True,True,True,False,7,0,2,63,2,31.5,71,0,1,1,0,32,1,11,4,0.304908,5.4433,2.4285,0,1283,1,1.6058,0.0,258,11.48,39,0,0,0,0
adb,154948,5.9223,286e3c5ae695e3a8cc1a1f05f4fc8501,df274e85047c782cf66e7b5a7f19f224013017b16c11c1e4d8b5afd186fe26fd,MIPS,EXEC,SYSTEMV,1,LSB,4202480,10,2,0,True,True,True,False,5,0,2,145,2,72.5,152,0,1,15,0,34,1,13,5,0.677079,5.8526,2.4993,0,0,0,1.1216,0.0,2834,7.46,30,0,0,11,0
addr2line,27220,5.5623,04bfc268588c6c66b2755ac28e99dcd9,5f21fb514198a114f130769b706ac41097ef77fcb9ece6fb836769193ef34163,MIPS,EXEC,SYSTEMV,1,LSB,4203280,10,2,0,True,True,True,False,7,0,4,76,17,4.4706,104,0,1,3,0,33,1,12,5,0.514328,5.7253,2.6083,0,1322,1,1.5573,0.0,408,8.74,187,0,1,1,0
addrwatch,24972,5.3785,b23f8e12e59efe95d4d0f75f79b5cb00,b734f7fa2c154b8ca8a6f0ab51e2d831983f153d754379e98327d6b104710a03,MIPS,EXEC,SYSTEMV,1,LSB,4199184,10,2,0,True,True,True,False,5,0,2,62,2,31.0,71,0,1,5,0,32,1,11,4,0.420951,5.5919,2.5329,0,0,0,1.7532,0.0,554,7.25,64,0,0,0,1
admin.cgi,103080,6.0044,d9f5393c2d588520db6c21749e4fb931,3624b823986b55a9fcdd5ef50d08ebc4ef50edcd06bc05b04f2801670142474c,MIPS,DYN,SYSTEMV,0,LSB,23024,10,2,0,True,True,True,False,13,0,9,157,37,4.2432,202,0,1,2,0,31,1,12,4,0.719752,5.8712,2.7383,0,1240,1,0.8228,0.0,1484,9.13,58,1,2,2,1
aelparse,219680,5.8689,6be4a4575f5d13d9a2909f5cb70ff403,5dbfd5ff7db240f0b41e9f67bd3117f3d544ec9153fcb225f948d95862b2b6df,MIPS,EXEC,SYSTEMV,1,LSB,4203136,10,2,0,True,True,True,False,5,0,1,135,2,67.5,143,0,1,4,0,35,1,12,4,0.684195,5.8967,2.5858,0,0,0,1.2872,0.0,2403,8.12,144,0,0,3,3
afpcmd,33008,5.2302,8183ae6e0d063f46e5151a49f3deba86,cfc6a9f9580afb9dafbd402571f58aabcca63cf8070a258e9a55a6aa3dddc16e,MIPS,EXEC,SYSTEMV,1,LSB,4201040,10,2,0,True,True,True,False,9,0,6,101,2,50.5,113,0,1,10,0,32,1,11,4,0.416384,5.874,2.6196,0,656,1,2.8914,0.0,590,7.69,60,0,0,0,2
afpfsd,23112,5.2831,d57209236ae816f2e7450982236647f2,f32d39b815b4471970108a04721f7dcac2e729f394ee43551e2bb9e29eb453e7,MIPS,EXEC,SYSTEMV,1,LSB,4201936,10,2,0,True,True,True,False,9,0,6,99,16,6.1875,129,0,1,19,0,33,1,12,4,0.377985,5.6549,2.5193,0,0,0,1.7837,0.0,396,8.27,25,0,0,2,0
afpgetstatus,5964,4.323,b34b1bc2a0840a2c3c2f5e94f27a7c64,f8a5a0f355802ad34cbdc453ab81d47eb4e7b99eeb2a7c88250d7742cc781e10,MIPS,EXEC,SYSTEMV,1,LSB,4197072,10,2,0,True,True,True,False,9,0,6,17,2,8.5,23,0,1,1,0,32,1,11,4,0.195842,5.5427,2.3756,0,1283,1,2.0161,0.0,84,9.58,26,0,0,0,0
agetty,100472,5.6907,7d2ee6478da21c1a87455fdda1bd4d3b,c904a6771c54f64e85823137336c234846e51c9e46ba85c4fd459b8559345a53,MIPS,EXEC,SYSTEMV,1,LSB,4216608,10,2,0,True,True,True,False,3,0,0,176,66,2.6667,255,0,1,14,0,34,1,13,5,0.675054,5.7485,2.7847,0,0,0,1.1748,0.0,947,8.0,39,0,0,3,0
aggregate,8572,5.0054,2793c371c99e85d5ab320e15fd5ae089,311cf4e4068d1a2fd64fb98ce2c25f89f9b201448266edcd27d60daafa7093eb,MIPS,EXEC,SYSTEMV,1,LSB,4198400,10,2,0,True,True,True,False,2,0,0,13,2,6.5,22,0,1,0,0,32,1,11,4,0.395707,5.5283,2.4506,0,1283,1,1.6534,0.0,157,7.01,17,0,0,0,0
aggregator,19368,4.8405,f88d64554a0ac93c6acf4d129bafa273,31bcf912bedb238fe521b8c4e5a5606b2f83287d1118ecb03cb12741db7ea7f4,MIPS,DYN,SYSTEMV,0,LSB,6384,11,2,0,True,True,True,True,3,0,2,70,14,5.0,104,0,1,12,0,32,1,13,4,0.342007,5.5731,2.6282,0,1282,1,2.6928,0.0,235,12.3,42,0,0,0,0
aide,215716,5.9972,b05329f875a9b0e5e22521ae864fe18b,1bf90f0608a4d13c6d5c15fed84615e718e715df0dd4c95993e2ce92666e1eb8,MIPS,EXEC,SYSTEMV,1,LSB,4207376,10,2,0,True,True,True,False,7,0,3,166,2,83.0,176,0,1,6,0,33,1,12,4,0.606798,5.8412,2.7384,0,1321,1,1.0035,0.0,5344,6.97,64,0,0,1,1
airbase-ng,67732,6.0929,bf830accaf3db0f2fa7a9887dc4ba95e,b3edb2f831888e54947c5d2d11460ee130b58e4c9693c87a682e1b4407c8d0f5,MIPS,EXEC,SYSTEMV,1,LSB,4208208,9,2,0,True,True,True,False,12,0,7,89,2,44.5,98,0,1,1,0,31,1,11,5,0.666864,6.1635,2.893,0,0,0,1.7258,0.0113,984,7.53,60,0,1,1,0
aircrack-ng,136880,5.8501,dd322b03b698e8e0a9babbcf34144866,8368782752e3438c89caa0a16dafa227431afc75fbc441e5847a2761d62aceb0,MIPS,EXEC,SYSTEMV,1,LSB,4222112,10,2,0,True,True,True,False,13,0,8,140,29,4.8276,190,0,1,7,0,35,1,12,5,0.66429,6.1086,2.8547,0,0,0,2.506,0.0,1551,9.16,94,0,1,1,4
airdecap-ng,29424,6.2477,37973aad7f38ec7e6aee89d56d0e83da,c1a29e0143ee66867b5837bc2e8bffca9ad287d43709920877e6a42cac170422,MIPS,EXEC,SYSTEMV,1,LSB,4204112,9,2,0,True,True,True,False,12,0,7,43,2,21.5,52,0,1,0,0,29,1,9,5,0.609027,6.7743,2.9066,0,0,0,1.469,0.0696,517,6.76,29,0,1,1,0
airdecloak-ng,22992,5.7527,2a59d3a3a7e6179a3e678ffbee9c689b,e11328d43f2b4ffbfa296292a6f326541bbabc1e4c4326cebbb1ef8c7391d06b,MIPS,EXEC,SYSTEMV,1,LSB,4204304,9,2,0,True,True,True,False,12,0,7,44,2,22.0,52,0,1,0,0,30,1,10,5,0.484342,5.7964,2.7755,0,0,0,1.1427,0.0,567,7.7,33,0,1,1,0
aireplay-ng,107568,5.9973,33a2cfed18c7ac0a0e940d2ab1e4445f,939ae9d3cad713818cbf87fc68e07acd17d7bcfa1c880ef51da4566f8e49538d,MIPS,EXEC,SYSTEMV,1,LSB,4210592,9,2,0,True,True,True,False,12,0,7,87,2,43.5,96,0,1,5,0,31,1,10,5,0.679161,6.1453,2.7844,0,0,0,2.4398,0.0071,1593,7.11,71,0,1,1,0
airodump-ng,113468,6.0821,6b9e39a08452eb29457b94fa0ead5d68,8298de5cac5018029dec80f2b6c29202e4fe254eb484facc75b192d264d9c3ce,MIPS,EXEC,SYSTEMV,1,LSB,4219760,9,2,0,True,True,True,False,12,0,7,135,2,67.5,144,0,1,9,0,31,1,10,5,0.652589,6.1071,2.9019,0,0,0,1.6215,0.0068,1619,9.23,324,1,2,2,1
airserv-ng,11060,5.2858,f3613318388849e36f7021f7695b1047,2e088259cba81ee4f28568e345e3ad48d4a94ee80193efa31feb4466fa9430f8,MIPS,EXEC,SYSTEMV,1,LSB,4198832,9,2,0,True,True,True,False,12,0,7,39,2,19.5,47,0,1,6,0,29,1,9,5,0.394937,5.7057,2.8244,0,1160,1,1.8688,0.0,199,7.69,27,0,1,1,0
airtun-ng,39884,6.2434,d1cfeda808138b1ccdd1d61f93693e27,6db2667069809d5116a7120072826c70ee7114e092c211b102a8b1f3fe76ac65,MIPS,EXEC,SYSTEMV,1,LSB,4204576,9,2,0,True,True,True,False,12,0,7,68,2,34.0,76,0,1,1,0,30,1,10,5,0.616989,6.4681,2.9256,0,0,0,1.4493,0.0513,650,6.99,40,0,1,1,0
airventriloquist-ng,42968,6.1894,38f44a63b32b5b4eaaae60f07087eb42,f94d242eed5da2dcc61adb9240864a7dda339a4056d4563e2a4e48e60e64bdb2,MIPS,EXEC,SYSTEMV,1,LSB,4203472,9,2,0,True,True,True,False,12,0,7,69,2,34.5,77,0,1,4,0,30,1,10,5,0.627816,6.4717,2.8484,0,0,0,1.4873,0.0417,669,7.61,51,1,3,3,1
alaya,558592,6.1603,5e51c126b119ade9540d10ad025c02df,eeaf04e8abdbf2cff0bfd9e1837a94a0cf5259b7d8b4cf74fd215b4d5294b096,MIPS,EXEC,SYSTEMV,1,LSB,4231728,10,2,0,True,True,True,False,7,0,5,295,533,0.5535,848,0,1,30,0,34,1,13,5,0.724164,6.6586,2.9701,0,1361,1,0.8694,0.0037,5821,9.1,276,7,5,9,17
alertmanager,33357981,5.7506,7c31a676e9b0a6f7271cb73ef6c3378e,0cd283c17f5aeba12db5a6f11f83c7e0b5709c040cd23fd4344fcd645470b405,MIPS,EXEC,SYSTEMV,0,LSB,928256,6,3,0,False,False,True,False,0,1,0,0,0,0.0,0,0,1,0,0,16,1,10,1,0.527907,6.5979,4.7297,0,0,0,0.6617,0.0264,177724,21.52,3184,15,92,109,8432
alsactl,105256,5.7889,886a7e9f80e05442582314d810009a23,e05e1a67e22dfbca01a01b0bcb66ef6e831098eb9f9f3520713d236f613bd864,MIPS,EXEC,SYSTEMV,1,LSB,4214720,10,2,0,True,True,True,False,7,0,2,309,2,154.5,319,0,1,11,0,33,1,12,4,0.597401,5.8168,2.5878,0,1321,1,1.4387,0.0,1595,9.29,37,0,0,0,0
alsaloop,66440,5.7938,41216565fe22fc1ede11158444c4c30b,5685cb059be46f7e7025e6014aeb084c98044845606292d11ab91ee79b00446b,MIPS,EXEC,SYSTEMV,1,LSB,4206560,10,2,0,True,True,True,False,7,0,2,179,2,89.5,190,0,1,4,0,33,1,12,4,0.594582,5.7337,2.5173,0,1321,1,1.2708,0.0,1091,8.6,58,0,0,0,0
alsamixer,69384,5.5165,1729d5e37a7f2d281056b96766ba9f4c,15ebdaa080c5961138bbd3be387ee9f39fd4f911e19081c5139605d0fed4816e,MIPS,EXEC,SYSTEMV,1,LSB,4207072,10,2,0,True,True,True,False,11,0,6,207,2,103.5,218,0,1,1,0,33,1,12,4,0.559207,5.8715,2.5665,0,1321,1,2.2171,0.0,711,9.4,42,0,0,1,0
alsatplg,59932,5.4222,e3a6801ee0b2e07fb1c129596a576e5a,7c2f2b6afd989c291d43ba73d97143535ce50e7e4d2dd38b0f77b13e5a465e4c,MIPS,EXEC,SYSTEMV,1,LSB,4201680,10,2,0,True,True,True,False,7,0,2,87,2,43.5,97,0,1,4,0,32,1,11,4,0.540079,5.6501,2.4937,0,1283,1,2.3879,0.0,1055,8.31,39,0,0,0,0
alsaucm,20140,5.3739,f62a8a407142df6a02209664c60c666b,db7ad3c540d4430742cb441fc34d823ace08a30a12f7e9a1b6acb3679367dc2b,MIPS,EXEC,SYSTEMV,1,LSB,4198784,10,2,0,True,True,True,False,7,0,2,37,2,18.5,46,0,1,0,0,32,1,11,4,0.479047,5.6677,2.5407,0,1283,1,1.4601,0.0,366,6.9,29,0,0,0,0
amidi,18108,5.4014,f2d272aa0d4bb7b9f80af2c5c43c6adb,9a0672d43b2d5fdc3da44feefa878ea54d8bc840cf2ee231184f2e93cfccda27,MIPS,EXEC,SYSTEMV,1,LSB,4203920,10,2,0,True,True,True,False,7,0,2,76,2,38.0,86,0,1,1,0,32,1,11,4,0.348133,5.8497,2.5268,0,1283,1,1.7487,0.0,375,8.39,37,0,0,0,0
amixer,45772,5.5978,16ea393aef37c80c524838b39ce8711c,55b24faf7d8dcb7f94cbfac6e76414cb5f4541cbc2811d9c7d809c0be03f55a6,MIPS,EXEC,SYSTEMV,1,LSB,4207248,10,2,0,True,True,True,False,7,0,2,166,2,83.0,176,0,1,0,0,32,1,11,4,0.501966,5.6502,2.5106,0,1283,1,1.4435,0.0,704,10.59,105,0,0,0,0
amtool,24969373,5.7422,b5c897c5604288d79c6e983ea1137d70,adfb11ff5a9cc9040843ebdd95e2eae2b4b562291653e6b81d10f04169829e8b,MIPS,EXEC,SYSTEMV,0,LSB,900212,6,3,0,False,False,True,False,0,1,0,0,0,0.0,0,0,1,0,0,16,1,10,1,0.522297,6.5657,4.3545,0,0,0,0.7995,0.0352,131604,20.46,3285,14,64,72,4926
anvil,23580,4.6403,5d37da4a32cc8e5769283ee00eabc6a4,08033f74571323fadabaa0c8ab7594394b5cecb0a69a0bad9c52425835e25047,MIPS,DYN,SYSTEMV,0,LSB,6240,11,2,0,True,True,True,True,3,0,2,62,23,2.6957,105,0,1,9,0,31,1,12,4,0.370483,5.5513,2.7069,0,1243,1,3.5389,0.0,277,10.63,42,0,0,0,0
apache2,586788,5.7057,5a01cc533f6e57a087e000be72fd7ec6,6942c4e089cb85d8931c50164c11f2aadaf846e69a2acbd2abffe46acb3e3ad2,MIPS,EXEC,SYSTEMV,1,LSB,4341520,11,2,0,True,True,True,False,10,0,5,936,848,1.1038,3494,0,1,62,0,36,1,15,5,0.542042,5.7338,2.6666,0,1442,1,1.3512,0.0,7364,12.23,74,2,0,1,6
apinger,60728,5.8256,f71a1ca9c3d97e2477155946407f626d,406573eb23ea0ae89346d46b39de098dcd56d8244768dc285067272e236a0bf3,MIPS,EXEC,SYSTEMV,1,LSB,4200512,10,2,0,True,True,True,False,2,0,0,86,2,43.0,96,0,1,13,0,33,1,12,4,0.585167,5.8578,2.6268,0,796,1,1.4862,0.0,804,7.72,80,0,0,0,0
aplay,67276,5.9528,068c9589ac3ab9b6db3fd4da487b7af7,38101cfec4a38b49bfecdb616f3b6fa90ed55e9c57fc6304160525c3689c036f,MIPS,EXEC,SYSTEMV,1,LSB,4213616,10,2,0,True,True,True,False,8,0,2,181,2,90.5,191,0,1,9,0,32,1,11,4,0.58862,5.9869,2.5592,0,1283,1,1.3898,0.0,1137,8.51,40,0,0,0,0
aplaymidi,18108,5.4575,28773809a4e98e1f19b5d789d7a4086e,d1f4d3fd5fb604e20b1fe43a86ffce356c24fcc68673cca17423d15a5a706dbd,MIPS,EXEC,SYSTEMV,1,LSB,4202432,10,2,0,True,True,True,False,7,0,2,68,2,34.0,77,0,1,2,0,32,1,11,4,0.429423,5.8892,2.4983,0,1283,1,1.8183,0.0,290,9.14,36,0,0,0,0
arecordmidi,20288,5.2338,e42a15956347f23a7f2a9b48b520c5e0,9511888544a4975161ea7a5ec108dc3fe5415d646849f3e743a3de16343f5e20,MIPS,EXEC,SYSTEMV,1,LSB,4204656,10,2,0,True,True,True,False,7,0,2,71,2,35.5,81,0,1,3,0,33,1,12,4,0.405363,5.7694,2.4103,0,1322,1,2.3201,0.0,334,9.46,37,0,0,0,0
arp-scan,56024,5.9401,19d67fb0f7b3040b57d42d6b2a0cb418,6418dc098f3a75dadafa77001c8e652ad93e6ffd1a86f0bc3d4a46cf0978a5ac,MIPS,EXEC,SYSTEMV,1,LSB,4205792,10,2,0,True,True,True,False,4,0,2,102,2,51.0,113,0,1,4,0,33,1,12,4,0.465515,5.9138,2.563,0,0,0,1.236,0.0,1642,7.52,70,7,4,4,0
arptables-legacy,54076,5.7171,2b9ab672f854c7eb3670cb5735407260,82b80481e949d728e6e7e5e132872e76649dcf331ae241733ce70ee59d23e30c,MIPS,EXEC,SYSTEMV,1,LSB,4198016,10,2,0,True,True,True,False,2,0,0,51,2,25.5,61,0,1,4,0,34,1,12,4,0.613359,5.7833,2.5476,0,1361,1,1.3068,0.0,988,7.01,55,2,0,0,0
as,663328,6.0325,9faa7ae5b9edca8636aa0a1a098a2e60,878b1241bd55af1ff6430100256627771ea76a00cb17d417df04ada13a46ced0,MIPS,EXEC,SYSTEMV,1,LSB,4237632,10,2,0,True,True,True,False,8,0,5,168,478,0.3515,801,0,1,6,0,34,1,13,5,0.762868,5.9722,2.8754,0,0,0,0.9703,0.0012,6384,8.02,282,0,1,1,0
aseqdump,18844,5.3542,f8b19085f312086b6ab032497bf700f7,b0acb5fefb2129cd4866142f81049a108df28bc84c70588c267581eafd7d9881,MIPS,EXEC,SYSTEMV,1,LSB,4200912,10,2,0,True,True,True,False,7,0,2,53,2,26.5,62,0,1,2,0,32,1,11,4,0.356612,5.5691,2.4453,0,1283,1,1.3342,0.0,502,7.05,33,0,0,0,0
aseqnet,15584,4.9211,ac3d38e9f09ccdc7f95a56981392d9d6,b555a9197badfd776a304b965187fe616eb3f024d218df2a9fcb489814bd4785,MIPS,EXEC,SYSTEMV,1,LSB,4201984,10,2,0,True,True,True,False,7,0,2,44,2,22.0,53,0,1,8,0,33,1,12,4,0.364476,5.8487,2.4068,0,1322,1,2.9165,0.0,265,7.66,30,0,0,0,0
aspell,134972,5.8399,188d8bdd8409cff4840eb5247e6acd28,f8933ebd5c111fdb0c6ad67ff2273bd06cc6bb0ea850fe66c0c7e1701e345d92,MIPS,EXEC,SYSTEMV,1,LSB,4216752,10,2,0,True,True,True,False,7,0,3,192,42,4.5714,262,0,1,4,0,34,1,12,4,0.719082,5.8044,2.5994,0,1362,1,1.2415,0.0,941,13.11,118,0,0,2,41
astcanary,5580,4.5082,42d6f57cd0ed62d34525c1a379f11153,52e6c54ec07ee924491adc3c5282cbdb6edaebddaad57f6eb10a1a20a13e9ea4,MIPS,EXEC,SYSTEMV,1,LSB,4196368,10,2,0,True,True,True,False,5,0,1,12,2,6.0,18,0,1,0,0,32,1,11,4,0.143369,5.2738,2.3778,0,1283,1,1.6367,0.0,153,7.1,18,0,0,1,0
asterisk,2892432,5.8934,39468e70d2f219cddedd36217b4f6520,400e88c06ddc59e0c694721399fe9e7ca1c979a4aceaad09d65344672708b784,MIPS,EXEC,SYSTEMV,1,LSB,4395408,10,2,0,True,True,True,False,19,0,13,499,3349,0.149,3997,0,1,33,0,35,1,12,4,0.690729,6.023,2.7603,0,1401,1,1.7544,0.0,37446,9.93,714,0,4,10,12
atop,404564,6.1288,e1d4336db7716dcc53bc8acacfcb977c,abaa200332920b21a15576d9de4cc579f146f15fc75bf17d65cbc9b6718aaee4,MIPS,EXEC,SYSTEMV,1,LSB,4210448,10,2,0,True,True,True,False,8,0,4,218,2,109.0,232,0,1,11,0,34,1,13,5,0.716386,6.1918,2.7407,0,0,0,1.2758,0.0,6240,6.94,67,0,0,3,2
attr,7916,4.8866,d5de0912ff001fdb6fd972a00cb6d479,934ba3d0cd4c735d74750b057eb4596bc9f61f467b7ffd75a7aa7e50f049b4e3,MIPS,EXEC,SYSTEMV,1,LSB,4198192,10,2,0,True,True,True,False,3,0,1,22,2,11.0,32,0,1,2,0,32,1,11,4,0.274886,5.5204,2.4757,0,1283,1,1.5844,0.0,141,7.28,17,0,0,0,0
auth,480800,5.9909,47182bd57ec8be629a3be3a58349027a,39a3d95873f154b08b8c2d3b2e5fb1c9e848d44d9fe6929d25c96a49be55587d,MIPS,DYN,SYSTEMV,0,LSB,48560,11,2,0,True,True,True,True,11,0,8,428,377,1.1353,894,0,1,42,0,32,1,13,4,0.674376,6.0756,2.9779,0,1282,1,1.186,0.0085,6495,9.02,118,0,0,0,14
autossh,24724,5.5377,353deb3e4eab08998a8b5bb1e7f7aef1,cdc4dc1fc72d66272d71b5ff89e86fe913acd3c339fe959a88de1ad33f358540,MIPS,EXEC,SYSTEMV,1,LSB,4200944,10,2,0,True,True,True,False,3,0,1,82,2,41.0,93,0,1,10,0,34,1,13,5,0.462708,5.7208,2.6547,0,1361,1,1.6085,0.0,515,7.06,67,1,0,0,1
avahi-dnsconfd,15540,5.3498,b195853b69c2fa5eb8413d5ba01c8b63,8e42febb04cadac2e4a5f901bc15fb25d5484ed163c8f4de56d2f9e46b12d94a,MIPS,EXEC,SYSTEMV,1,LSB,4199360,10,2,0,True,True,True,False,7,0,4,52,2,26.0,68,0,1,11,0,33,1,12,5,0.41184,5.6288,2.5394,0,1323,1,1.6431,0.0,258,9.25,83,0,0,0,0
avrdude,2015060,5.4016,a562f6a7c392b3e7cc5bee1f180f9d87,59bacbe20a2fc96c47d1ef7af42a3ef6589193d302c5a8ac52805c23ff9afe40,MIPS,EXEC,SYSTEMV,1,LSB,4219168,10,2,0,True,True,True,False,8,0,5,167,2,83.5,177,0,1,7,0,34,1,13,5,0.291422,6.035,2.686,0,0,0,1.0546,0.0001,28250,8.37,98,0,5,7,55
b1e4d0099c3b032b9785dd7311aa8ef631a3f11369a75bd574499b616bffa62b,9480,5.1466,04de1d484f889e182f58547769af9c7a,b1e4d0099c3b032b9785dd7311aa8ef631a3f11369a75bd574499b616bffa62b,MIPS,EXEC,SYSTEMV,0,MSB,4196336,8,2,2,True,True,True,False,2,0,0,19,3,6.3333,37,0,1,1,0,28,1,11,4,0.298734,5.0873,2.2903,0,1122,1,1.4923,0.0,271,7.8,23,0,0,0,0
b23c0246de01b51af64a4c8105868b7a71d2542c0d1b1eaeb47d26f2ca9b9e06,186996,5.3178,c31a9715fa91b946e18d0db006abd441,b23c0246de01b51af64a4c8105868b7a71d2542c0d1b1eaeb47d26f2ca9b9e06,MIPS,EXEC,SYSTEMV,0,MSB,4212256,8,2,2,True,True,True,False,6,0,3,138,243,0.5679,430,0,1,5,0,29,1,12,4,0.733107,5.1579,2.6708,0,1160,1,0.8829,0.0,1573,10.62,64,1,0,7,2
b3f55fd3755a9dffeda7ab8a15cd47d88855ac310e4ccdf51fb4c82d1cffaccb,13072,5.1341,0d2dd33ce962255348705762e84ac0df,b3f55fd3755a9dffeda7ab8a15cd47d88855ac310e4ccdf51fb4c82d1cffaccb,MIPS,EXEC,SYSTEMV,0,MSB,4197168,8,2,2,True,True,True,False,14,0,11,32,3,10.6667,48,0,1,3,0,27,1,10,4,0.517748,5.1605,2.3542,0,1083,1,1.4228,0.0,154,10.92,56,0,0,3,0
b609229f81354836252e54d4ea8ad51e161bcd59fe87edf967a3904412814a7f,309960,5.4106,9c3fa4c2814bbbc5c1f3d2875c33364a,b609229f81354836252e54d4ea8ad51e161bcd59fe87edf967a3904412814a7f,MIPS,EXEC,SYSTEMV,0,MSB,4209072,8,2,2,True,True,True,False,2,0,0,146,219,0.6667,386,0,1,22,0,29,1,12,4,0.794683,5.2681,2.7307,0,1160,1,0.5584,0.0,2780,8.06,101,1,0,15,2
b89ba79b1de3b3b78cbdaf799fc0e3a8929a529f0dc5aaaa5b91fe55d324ebe1,53904,5.647,28bbeba997eaaa6e588fc41454886aa7,b89ba79b1de3b3b78cbdaf799fc0e3a8929a529f0dc5aaaa5b91fe55d324ebe1,MIPS,EXEC,SYSTEMV,0,MSB,4200336,8,2,2,True,True,True,False,4,0,2,52,50,1.04,125,0,1,5,0,27,1,10,4,0.645295,5.518,2.5642,0,0,0,0.938,0.0,826,8.15,133,3,0,0,2
badblocks,21736,5.7244,3a8445657103f18fa83271bc5d986a62,2e34a255f62d229621082ed79255662297103cf878a6df0531d886cec6caacaf,MIPS,EXEC,SYSTEMV,1,LSB,4201264,9,2,0,True,True,True,False,6,0,2,58,2,29.0,68,0,1,1,0,29,1,8,4,0.563121,5.8702,2.7442,0,1162,1,1.5663,0.0,392,7.33,35,0,0,0,0
bannertopdf,63192,5.6019,d8814cc4d2806f89e0c78ba5791b9fd6,d90d7eb2e9f561fdb3320a912da5be2f291ebd41d332946222cd293ab2fd9fa8,MIPS,EXEC,SYSTEMV,1,LSB,4204816,11,2,0,True,True,True,False,18,0,13,117,12,9.75,147,0,1,1,0,36,1,13,4,0.641853,5.415,2.8161,0,1442,1,0.9553,0.0,525,12.66,83,0,0,0,37
base32,48052,5.4652,92586969b43f51e26d5959fa28138d61,d7d6b8adc0867db1e55a3d542fe34bb9189a8af44e7528dd2ff1f3e8a382add8,MIPS,EXEC,SYSTEMV,1,LSB,4201632,10,2,0,True,True,True,False,1,0,0,64,3,21.3333,80,0,1,2,0,34,1,13,5,0.624324,5.6108,2.5901,0,1361,1,1.3267,0.0,386,7.84,39,0,4,4,1
base64-coreutils,47668,5.4684,fa01a75da61bc363c8bf13e4b409bc29,2d184d47d67bb4374ebf13a4ac2670e3e69855792978d14f9e7ae3d39641be55,MIPS,EXEC,SYSTEMV,1,LSB,4201648,10,2,0,True,True,True,False,1,0,0,64,3,21.3333,80,0,1,2,0,34,1,13,5,0.62029,5.6168,2.5866,0,1361,1,1.3892,0.0,385,8.0,70,0,4,4,1
basename-coreutils,36308,5.4071,7fa2ddc8c097ecae198c09a083325af8,abbc0576fe168ee25e2dd66254cbd91b4d70998a0eeef713ad033dd7b7cd2901,MIPS,EXEC,SYSTEMV,1,LSB,4199600,10,2,0,True,True,True,False,1,0,0,49,3,16.3333,64,0,1,2,0,34,1,13,5,0.575521,5.6195,2.5809,0,1361,1,1.4421,0.0,359,7.7,39,0,4,4,0
basenc,62324,5.4927,ee8c5a8aa021e632f8b71155164bf474,c16e8c910c2527fe91065b0bff40a31da09193a0054e4d9270e05832fea9d759,MIPS,EXEC,SYSTEMV,1,LSB,4203408,10,2,0,True,True,True,False,3,0,1,74,4,18.5,91,0,1,2,0,34,1,13,5,0.627944,5.6681,2.5548,0,1361,1,1.4584,0.0,551,8.02,85,0,4,4,8
bc,81032,5.7919,7a1d235293e4291af5aafae6ae489b13,ad98f8787d1c301cf41f7d9228ef09796327675934827cff5025b8f0f16f492d,MIPS,EXEC,SYSTEMV,1,LSB,4198304,10,2,0,True,True,True,False,4,0,2,47,2,23.5,58,0,1,2,0,33,1,12,4,0.62869,5.7538,2.6439,0,1321,1,1.0776,0.0,776,10.01,112,0,0,0,0
bcp,7192,4.829,a4df8c4c9e0129d7a895186cd5102b87,e4416965b7cd050c16b5819f8de8c14ab44f217f438bea6ff76ad3832c1b8182,MIPS,DYN,SYSTEMV,0,LSB,4000,10,2,0,True,True,True,False,13,0,9,16,5,3.2,29,0,1,1,0,30,1,11,4,0.322581,5.4665,2.4896,0,1201,1,1.8525,0.0,113,9.33,20,0,0,0,0
bdaddr,121244,6.015,078de0d0a7be66f59cf339eddd674af9,c51de761e979e9d59b1aa3081cd2070b1f8c54ece1df84c016b859b4abe63f77,MIPS,EXEC,SYSTEMV,1,LSB,4198192,9,2,0,True,True,True,False,2,0,0,32,9,3.5556,47,0,1,2,0,30,1,9,5,0.525618,5.5657,2.814,0,1202,1,0.2562,0.0,6019,6.86,35,0,0,0,0
beam.smp,4960972,6.0928,09157c6cacee79794a98950ff15d2df2,1a43c26edc2a4bbbf3c29b2f676e1ce6b0dca7f243cc789a92622ac80679fb16,MIPS,EXEC,SYSTEMV,1,LSB,4408176,12,2,0,True,True,True,True,9,0,3,309,3416,0.0905,4548,0,1,27,0,35,1,13,4,0.719549,6.4109,2.9885,0,1401,1,0.889,0.0024,31060,10.23,205,0,0,11,10
beh,8748,5.0378,be963641549d868c801ccb39161530a3,5bc4a007457ac45a0e0ecfe82567bda8d29ae4946c59efe8354edef00cdc72fc,MIPS,EXEC,SYSTEMV,1,LSB,4198880,10,2,0,True,True,True,False,13,0,8,33,2,16.5,40,0,1,5,0,32,1,11,4,0.259717,5.7453,2.4971,0,1283,1,2.1412,0.0,199,7.37,34,0,0,0,0
besside-ng,51196,5.8787,bf7c1047130b9f3206c06d6e63025013,5fcd583bc848fe364b422da8b11a5293f8743947c7a1bb99b85854f1f5e2a94c,MIPS,EXEC,SYSTEMV,1,LSB,4206848,9,2,0,True,True,True,False,12,0,7,84,2,42.0,93,0,1,6,0,30,1,9,5,0.675053,6.0325,2.8491,0,0,0,1.6448,0.0,608,7.62,117,0,1,1,1
besside-ng-crawler,9788,5.2788,16d5a4ba7bbddd3e32bbfde1da546442,744c9177c4c59ba5c3e37e00aa5f10702141746d05cbedc1d442f59393608125,MIPS,EXEC,SYSTEMV,1,LSB,4197376,9,2,0,True,True,True,False,13,0,8,29,2,14.5,35,0,1,0,0,28,1,8,4,0.372701,5.742,2.7126,0,1120,1,1.925,0.0,185,8.78,43,0,0,0,0
bfgminer,827848,6.1546,6a8fba9c2e88f2162bdcaad644cec85e,50b5883771b1342018bce15b95adc669aa0af675987ef9d595cd582b7c03443e,MIPS,EXEC,SYSTEMV,1,LSB,4228112,10,2,0,True,True,True,False,14,0,9,374,2,187.0,386,0,1,32,0,35,1,13,5,0.767233,6.1304,2.7758,0,1401,1,0.896,0.0006,10382,7.34,304,6,15,54,1
bfgminer-rpc,7260,4.7517,a5eaeb66b8d8811a2d9e034dbefdd186,09b959265beded5cdd76fc7ce26b637c8baa34dc561cb022412bd22196a7b85f,MIPS,EXEC,SYSTEMV,1,LSB,4196832,10,2,0,True,True,True,False,2,0,0,21,2,10.5,27,0,1,5,0,32,1,11,4,0.33719,5.4662,2.415,0,1283,1,1.7837,0.0,102,7.48,17,1,0,0,0
bindfs,50872,5.6534,6fcf37a855067c19d24929bb62cdadce,308fc5db7cad7226993697c0aa0100d3c676d10b491e8f832df37eb9eb785bb9,MIPS,EXEC,SYSTEMV,1,LSB,4205008,10,2,0,True,True,True,False,4,0,1,115,2,57.5,121,0,1,6,0,33,1,12,5,0.510458,5.6465,2.6295,0,1323,1,1.2723,0.0,875,8.81,31,0,0,0,0
binutils-ar,61532,5.7484,6302a06d70e582bb3f4e965b66846125,71aa6d04c6f98b360e50ff7a63fde1490e13aec1364bcfa93923f3a6bb75533e,MIPS,EXEC,SYSTEMV,1,LSB,4206240,10,2,0,True,True,True,False,7,0,4,98,58,1.6897,190,0,1,6,0,33,1,12,5,0.582201,5.7723,2.7151,0,1322,1,1.4567,0.0,764,8.05,187,0,1,1,2
binutils-strings,32400,5.6551,312d28e0ebf0c498d5bac5ff836091a3,ac105e059203860eb31e715ab2b764ebb3675c931844e994e726a5e13ea6430d,MIPS,EXEC,SYSTEMV,1,LSB,4201600,10,2,0,True,True,True,False,7,0,4,70,15,4.6667,95,0,1,3,0,33,1,12,5,0.58963,5.7884,2.6138,0,1322,1,1.3687,0.0,446,8.43,187,0,1,1,0
bip,187404,5.9669,402fcf676736ffab80e4ed442b993095,2117b509f64c3cea59f9557f1495cca1ddbb1dab733f164362a8babadea95f00,MIPS,DYN,SYSTEMV,0,LSB,21216,10,2,0,True,True,True,False,4,0,2,169,256,0.6602,473,0,1,15,0,31,1,12,4,0.664916,5.8856,2.7975,0,1243,1,1.0902,0.0,2513,7.9,85,1,0,0,2
bipmkpw,26924,5.4658,779f82745c2b59bc2c3d874a9ab1020a,499514e235f3cc94a03495995067ed48368415605aa88204c4bc964f8f208b14,MIPS,DYN,SYSTEMV,0,LSB,5824,10,2,0,True,True,True,False,2,0,0,39,74,0.527,129,0,1,0,0,31,1,12,4,0.543753,5.9325,2.5977,0,1243,1,1.8404,0.0,332,8.22,21,0,0,0,0
bird,1613264,6.1683,154bc964cfb7ba80652d9eb76b1bc17c,e662a706f594f1a32925a84d89200c1c1d4f01253890538df9b3c8df50c56b04,MIPS,EXEC,SYSTEMV,1,LSB,4204384,11,2,0,True,True,True,False,4,0,1,126,2,63.0,143,0,1,18,0,35,1,14,4,0.70084,6.2368,2.5649,0,1400,1,1.8655,0.0003,12872,7.38,56,0,0,2,7
bird.455e21d2,1316380,6.1311,c317aa2687093b0887bc5a40392d50ee,455e21d25524da0a9d3c342f7a8077c9facf31d96a3363feee313941d6259972,MIPS,EXEC,SYSTEMV,1,LSB,4203392,11,2,0,True,True,True,False,3,0,0,122,2,61.0,133,0,1,18,0,34,1,13,4,0.651192,6.0483,2.6738,0,0,0,2.0103,0.0006,10119,7.08,39,0,0,2,2
birdc,26648,5.4102,f230dbf37291d62cac37f981f7bc1465,a5a372a261f3997aece77f9c126d4576d70cee93dbde3ef3f1dd5ba7923daff9,MIPS,EXEC,SYSTEMV,1,LSB,4201104,10,2,0,True,True,True,False,6,0,3,61,2,30.5,80,0,1,3,0,33,1,12,4,0.317622,5.7078,2.6253,0,0,0,1.452,0.0,919,6.89,50,0,0,0,0
birdc6,22584,5.464,adffdc31a6f445fb4df8e28cde8b4c76,bc8cdb6c504ccbc2c98358220a6ac11f4e62fb877665c0edf8ced4bc977ea197,MIPS,EXEC,SYSTEMV,1,LSB,4200928,10,2,0,True,True,True,False,5,0,2,58,2,29.0,77,0,1,3,0,33,1,12,4,0.360609,5.6666,2.6223,0,0,0,1.5123,0.0,675,7.17,54,0,0,0,0
birdcl,26008,5.1786,87d5eaee2106642f833fb91f8d8ef684,094d7313f5dddeb6c8d489b31bc02c96b64f7a3d917fa9cab8fed1a718ae9ccc,MIPS,EXEC,SYSTEMV,1,LSB,4199744,10,2,0,True,True,True,False,4,0,1,44,2,22.0,54,0,1,3,0,33,1,12,4,0.311904,5.6859,2.5765,0,0,0,2.1702,0.0,882,6.62,50,0,0,0,0
birdcl.229d519d,25928,5.1251,d0b4c1c099beeadc0b878564ea7f65a3,229d519d2f2ee3a2dee686ff9140797c3d9b062a0ec9e88e6e2d90900830aeec,MIPS,EXEC,SYSTEMV,1,LSB,4199712,10,2,0,True,True,True,False,3,0,0,44,2,22.0,54,0,1,3,0,33,1,12,4,0.312866,5.6927,2.5776,0,0,0,2.3846,0.0,838,6.68,50,0,0,0,0
birdcl4,20520,5.4727,daf6920b79df5f98c64c6ada9215ee68,21023ec73266f46bc2ceeca2fa59b2e7a10cda651f063b91fda6ada61e6668b5,MIPS,EXEC,SYSTEMV,1,LSB,4199696,10,2,0,True,True,True,False,3,0,0,44,2,22.0,54,0,1,3,0,33,1,12,4,0.389084,5.6947,2.5774,0,0,0,1.4802,0.0,630,6.87,54,0,0,0,0
birdcl6,20840,5.4877,ca55ed74ab39b39fe9085fd62bb4ec88,0b7eea0a68640c909b5b811792a661c02f74ca4f947dfbf5d921dba7742d1212,MIPS,EXEC,SYSTEMV,1,LSB,4199696,10,2,0,True,True,True,False,3,0,0,44,2,22.0,54,0,1,3,0,33,1,12,4,0.383109,5.6696,2.5851,0,0,0,1.4097,0.0,647,6.9,54,0,0,0,0
bison,529060,5.8543,c4f9acc6ddf7b7d735330cc383a0f405,775b11a6afa8a1757825a8ca627f1c2388cfc797ecf71032ab5620e5dcf6bf46,MIPS,EXEC,SYSTEMV,1,LSB,4204400,10,2,0,True,True,True,False,2,0,0,159,8,19.875,181,0,1,8,0,34,1,13,5,0.798246,5.868,2.7409,0,1361,1,0.9167,0.0,3029,8.24,125,0,4,4,5
bitlbee,429768,5.8807,f18edc7cf7dc8de2056b1aa6ee980812,9d738ce062e4e36e156a8501c5ebf0ad0d67bee0015d302e6eb293e753704396,MIPS,DYN,SYSTEMV,0,LSB,40640,10,2,0,True,True,True,False,9,0,5,280,526,0.5323,856,0,1,24,0,32,1,13,4,0.731483,5.8152,2.9232,0,1282,1,0.9003,0.0,4553,8.8,103,1,27,28,3
bluemoon,30608,5.7609,85e21d9f70ab8c0a72b234b3611cadb9,37eda6d07ceedec680b3b0a63a89d558fa448def4a76e4bd48614da4a34f1f8e,MIPS,EXEC,SYSTEMV,1,LSB,4201136,9,2,0,True,True,True,False,2,0,0,43,33,1.303,82,0,1,6,0,30,1,9,5,0.614219,5.7803,2.8337,0,900,1,1.1652,0.0,538,7.49,44,0,0,0,0
bluetoothctl,422608,6.0669,8f06295eff19499853d8ef5844724f16,b63670ac08e119ef76b4dbf72161ab2e71dce88aa80551261a759abd0772edb7,MIPS,EXEC,SYSTEMV,1,LSB,4214528,9,2,0,True,True,True,False,6,0,4,278,121,2.2975,418,0,1,37,0,31,1,10,5,0.633324,5.8859,3.0238,0,0,0,0.8275,0.0,9524,7.9,67,0,2,2,0
bluetoothd,1333068,6.1788,3646da5b26efd0dd87e181a5d84ee90a,57a0bbb44e0ebc6d03a623149eb8134500ca314d3952399ad8f69104c6614751,MIPS,EXEC,SYSTEMV,1,LSB,4236352,9,2,0,True,True,True,False,7,0,3,379,380,0.9974,769,0,1,47,0,32,1,11,5,0.7863,5.9593,3.1281,0,0,0,0.4178,0.0,18977,8.64,117,0,3,3,1
bmon,100172,5.6027,505191d0a05b7b6f3319020521dd7c93,07c98121118f20298a5308be78642422599f6c65c47a26d61887b6378c21c002,MIPS,EXEC,SYSTEMV,1,LSB,4206416,10,2,0,True,True,True,False,8,0,4,172,2,86.0,184,0,1,4,0,36,1,13,5,0.554087,5.85,2.6936,0,1441,1,1.9381,0.0,1717,7.58,55,0,0,1,0
bochs,2291224,6.1796,c3639972ad765379f9e8087f91738ee0,82876c38797a9369e021e4e6ab73f9a9d8e1f9682911c230cdc2a21e6822ed2b,MIPS,EXEC,SYSTEMV,1,LSB,4500480,11,2,0,True,True,True,False,6,0,2,216,4091,0.0528,4841,0,1,21,0,36,1,13,4,0.579121,6.2253,3.2253,0,0,0,1.0136,0.0004,25354,12.73,117,2,0,29,1390
bogofilter,345384,5.5849,baea34fee6cf7c218e433a9d20818a4f,018a8553b7598a775eba3fc8be9ee59eb4fd9e843b61d6eaed3b53e60e902df9,MIPS,EXEC,SYSTEMV,1,LSB,4201792,10,2,0,True,True,True,False,4,0,1,137,2,68.5,148,0,1,3,0,33,1,12,5,0.596808,6.5241,2.7338,0,1323,1,1.9422,0.0015,2594,7.04,128,1,1,1,5
bogolexer,131624,4.8236,9d316014ca31922e87015b2883440f24,6ca6e07a641680cbfab1510a08a42b484597a9dd8186d934da43cb243e212dba,MIPS,EXEC,SYSTEMV,1,LSB,4199296,10,2,0,True,True,True,False,3,0,0,68,2,34.0,78,0,1,1,0,33,1,12,5,0.351425,5.8558,2.519,0,1323,1,2.3812,0.0,745,7.49,128,1,0,0,4
bogotune,347368,5.5936,a075ce3d127ada01e4d120bc94d2b2a7,97f3dadb018cb041fbc94aea7965d8af78b7dcaa85e1b535b92e1c14cbf65e8a,MIPS,EXEC,SYSTEMV,1,LSB,4215184,10,2,0,True,True,True,False,4,0,1,133,2,66.5,142,0,1,2,0,33,1,12,5,0.611732,6.9094,2.7302,0,1323,1,2.0012,0.0015,2422,6.66,128,1,0,0,4
bogoutil,66376,5.5369,9336af0b136637cd031c2a3c97738b2b,e0fb0fafaece0c2dd05b53216a669fd15fcc985666f0bb7f3e0771a4fa45de19,MIPS,EXEC,SYSTEMV,1,LSB,4201856,10,2,0,True,True,True,False,4,0,1,96,2,48.0,106,0,1,2,0,33,1,12,5,0.574183,5.7395,2.6025,0,1323,1,1.9554,0.0,976,7.59,65,0,0,0,1
brctl-bridge-utils,27432,5.6042,617948a5713ad72130b05e4e2d50338a,a55aa723b8bf67352e49874ba25af4f9a8aa9421be1804de9b4938e63c3b2e95,MIPS,EXEC,SYSTEMV,1,LSB,4197952,10,2,0,True,True,True,False,2,0,0,46,2,23.0,53,0,1,2,0,33,1,12,4,0.560513,5.7463,2.5056,0,1321,1,1.4738,0.0,467,7.17,41,0,0,0,0
btattach,22392,5.3749,a8e78acd6b3ecd5fb55db3a7b779d350,d54ab312b65697e5848fb0dbbea48e41ab1a63b9d69dc3d6d8215ee8a18b803c,MIPS,EXEC,SYSTEMV,1,LSB,4199792,9,2,0,True,True,True,False,2,0,0,42,33,1.2727,81,0,1,6,0,30,1,9,5,0.585209,5.5947,2.8118,0,944,1,1.8384,0.0,266,8.08,25,0,0,0,0
btcli,47640,5.5865,c969bfebf04535da15925212655433b3,68a664abf3730c916191d6810223d278bdc9f363f37b4d82ba1e6f5234892a0c,MIPS,EXEC,SYSTEMV,1,LSB,4198896,10,2,0,True,True,True,False,4,0,0,62,3,20.6667,72,0,1,3,0,33,1,12,4,0.626029,5.8908,2.5827,0,1321,1,1.6718,0.0,553,6.72,25,0,0,0,0
btinfo,28012,5.4896,4ff7ecd30e368259f17acc4787a85d7f,330512f53a0dc368e236c041233098758f18ca779bb0f717a2db91443fe4d09e,MIPS,EXEC,SYSTEMV,1,LSB,4198624,10,2,0,True,True,True,False,4,0,0,52,3,17.3333,60,0,1,1,0,32,1,11,4,0.658575,5.8972,2.5144,0,1283,1,1.584,0.0,180,6.86,17,0,0,0,0
btmon,1031696,6.0548,6506ba9003bcbb39025d54773a6cc98d,dbb57e5ad58f6273ca0b8e7e75d89e651910469d0e383c67672c2174d285a71d,MIPS,EXEC,SYSTEMV,1,LSB,4205824,9,2,0,True,True,True,False,5,0,2,119,76,1.5658,202,0,1,22,0,32,1,11,5,0.714707,5.7789,2.8981,0,0,0,0.4283,0.0,22493,7.67,57,0,0,1,0
btpd,143576,5.1959,285377be5aa29cdd3c6dbc5027485c83,ffe04443e21a8aa52a66bb24117d399fe31de04ea913def31441931e0b42e54c,MIPS,EXEC,SYSTEMV,1,LSB,4202464,10,2,0,True,True,True,False,4,0,0,128,3,42.6667,139,0,1,14,0,33,1,12,4,0.631972,5.7794,2.5876,0,1321,1,3.1231,0.0,1189,7.47,112,0,0,1,0
btrfs,1420740,6.3644,75a84cb8f4fe826a6006b7ccc620e20d,355679ddaec584be741ad5bb5a939ea060f8cf3471adbf60c556975d44af2676,MIPS,EXEC,SYSTEMV,1,LSB,4247136,10,2,0,True,True,True,False,9,0,6,258,790,0.3266,1128,0,1,17,0,33,1,12,5,0.768231,6.5119,3.0272,0,0,0,0.8952,0.0526,19687,7.28,94,0,1,5,12
btrfs-map-logical,656148,6.5069,0fd7debb8ef19e62022920d71e749c6b,0c986978c0334333b0ea59599c192312b720e44adaf267c04711bae948d6479f,MIPS,EXEC,SYSTEMV,1,LSB,4235792,10,2,0,True,True,True,False,6,0,3,136,690,0.1971,859,0,1,2,0,33,1,12,5,0.732249,7.4524,2.9648,0,1321,1,1.4185,0.1127,6595,8.28,94,0,0,2,11
btrfs-select-super,652180,6.5076,c1626b16a12da80de220e799fd2169b0,19a45eea66693fafa35a79d628e0c8c22b28ad57046718de901aed791237274a,MIPS,EXEC,SYSTEMV,1,LSB,4233824,10,2,0,True,True,True,False,6,0,3,136,690,0.1971,859,0,1,2,0,33,1,12,5,0.731283,7.4558,2.9619,0,1321,1,1.4195,0.1134,6534,8.3,94,0,0,2,11
buddy-ng,9272,5.2002,51d32ab89f70d907cf3d203f88237dd0,aeb02ce80ae5fe13dbbffa482605489bf9378fe1deee48a76aaf0af2937e7697,MIPS,EXEC,SYSTEMV,1,LSB,4198992,9,2,0,True,True,True,False,12,0,7,37,2,18.5,43,0,1,9,0,29,1,9,5,0.334771,5.8628,2.7199,0,0,0,2.1201,0.0,166,7.95,27,0,1,1,0
bximage,88104,5.8395,b38e24134562d0dc00237c23a727ed3c,3f5f4cb505d5d237331715b06ddfc160700e38ba3f13d49d44301541038bca41,MIPS,EXEC,SYSTEMV,1,LSB,4202496,11,2,0,True,True,True,False,6,0,2,74,2,37.0,84,0,1,4,0,36,1,13,4,0.575502,5.8032,2.8205,0,1442,1,1.103,0.0,1403,6.27,72,0,0,0,0
bzip2,32888,5.7997,0a98377c5245ee370a1b7cda15ebb4da,a35da120dd5682607b4aed6f4b2264df99f189606a04fc92a59fc17f153ea77e,MIPS,EXEC,SYSTEMV,1,LSB,4201904,10,2,0,True,True,True,False,3,0,1,53,2,26.5,85,0,1,5,0,33,1,12,5,0.532231,5.786,2.7316,0,0,0,1.128,0.0,800,6.83,27,0,0,0,0
c++filt,23028,5.4836,6c621d8bf6faaa6082f4268b5fb01818,eb24a7df1772cbeea1416743ef76b3f6faf971770947f135227d6fe4a62db51a,MIPS,EXEC,SYSTEMV,1,LSB,4199760,10,2,0,True,True,True,False,7,0,4,62,13,4.7692,87,0,1,2,0,34,1,13,5,0.492618,5.6687,2.471,0,0,0,1.4788,0.0,357,8.87,187,0,1,1,0
c5cd1cd79913d0740e768b25235a94a08356c0f26d35c46d227bb501461e2263,39384,5.1424,1ef72a727d42f98114b84e6328f0867a,c5cd1cd79913d0740e768b25235a94a08356c0f26d35c46d227bb501461e2263,MIPS,EXEC,SYSTEMV,0,MSB,4199888,8,2,2,True,True,True,False,2,0,0,52,60,0.8667,129,0,1,8,0,28,1,11,4,0.443226,5.5453,2.6626,0,1122,1,1.9938,0.0,672,9.92,93,0,5,5,1
cadaver,90840,5.5018,657cacf32a93778d5f58c83960040a1e,d714e78a068c3be0ace0a45bc5ff2709d61cf7ad462bd7e0047eed85ca58dda5,MIPS,EXEC,SYSTEMV,1,LSB,4207616,10,2,0,True,True,True,False,10,0,8,213,3,71.0,229,0,1,17,0,33,1,12,4,0.500749,5.6917,2.6088,0,1321,1,1.892,0.0,1776,7.86,92,0,3,4,1
cancel,10060,5.0226,ca8f3c9eeb876d66e7e1c5747f2d7fb5,7a9dd6de20d1a56d0300187e0569b0c90e1b6e8431562dd9d43fe06b734f4993,MIPS,DYN,SYSTEMV,0,LSB,6096,10,2,0,True,True,True,False,13,0,9,31,5,6.2,42,0,1,0,0,30,1,11,4,0.378529,5.4896,2.4897,0,1201,1,1.9779,0.0,141,9.53,25,0,0,0,0
castget,42972,5.5733,4adfd4f55fae1db93fea6e3f6f8b716f,54e31ef92f12892c28c5e9c75f64b39cfae112c423b584db3cea9d674e495c39,MIPS,EXEC,SYSTEMV,1,LSB,4202688,10,2,0,True,True,True,False,10,0,7,121,2,60.5,129,0,1,2,0,32,1,11,4,0.511961,5.4935,2.5909,0,1283,1,1.1564,0.0,959,7.54,108,0,1,8,0
cat-coreutils,43380,5.4627,a064e3926a34f57b1683d546f719bf29,afa9177dff5bd25a4a2a75ec706696518bf6e4b40a9832b1b7715a094c5753fc,MIPS,EXEC,SYSTEMV,1,LSB,4203792,10,2,0,True,True,True,False,2,0,0,67,4,16.75,83,0,1,2,0,34,1,13,5,0.597142,5.6366,2.6138,0,1361,1,1.4403,0.0,384,7.98,39,0,4,4,0
certtool,253920,6.0717,689b1a2cbe0e1f1e112f76dc9a221b76,af5278d853cd009a00ba07796627ec5dc30a41b942d2ca1cde239411d11d742a,MIPS,EXEC,SYSTEMV,1,LSB,4222672,10,2,0,True,True,True,False,7,0,4,390,79,4.9367,502,0,1,10,0,35,1,14,5,0.648015,5.9437,2.9164,0,1400,1,0.9797,0.0,3626,9.54,86,29,3,3,5
cfdisk,102696,5.7617,c145d7980359d03a3476acddc1f9c199,d055ebf0fab77aff9925d4950f69adb087e5e98b2d1ac290faf94e4c2e5e44bf,MIPS,EXEC,SYSTEMV,1,LSB,4215136,10,2,0,True,True,True,False,7,0,4,263,32,8.2188,309,0,1,2,0,34,1,13,5,0.626782,5.7929,2.8302,0,1362,1,1.3201,0.0,1282,8.37,96,0,0,2,0
cgdb,400824,5.7686,bd3d1b749c8cf6d59d9905ec69628ab6,8d07ae23d93ece66160f48ff4a114a833981220c2f9d1425e4bf8e65b7898d2d,MIPS,EXEC,SYSTEMV,1,LSB,4210512,11,2,0,True,True,True,False,7,0,4,197,3,65.6667,243,0,1,8,0,36,1,13,4,0.547592,5.8109,2.9456,0,1442,1,1.4171,0.0,1838,9.21,83,0,0,2,3
chat,22216,5.2694,10e5a4a96fcee35deb958dad51642bb2,260e4ce2927ae0035fee1edac9616950eb44b62551b835532c0dc9d6d0496119,MIPS,EXEC,SYSTEMV,1,LSB,4198928,9,2,0,True,True,True,False,2,0,0,44,2,22.0,50,0,1,3,0,29,1,8,4,0.586244,5.7797,2.5767,0,0,0,2.7252,0.0,273,6.33,17,0,0,0,0
checkgid,4604,4.2846,244fd6cdb6cce00bb28198e1672ae9ba,d9bd1f750f5fcf2dfb061ee0fb3aaf32d56e3d8ab6cd6a64fb29bc0857d34245,MIPS,EXEC,SYSTEMV,1,LSB,4196304,10,2,0,True,True,True,False,9,0,4,7,2,3.5,13,0,1,1,0,32,1,11,4,0.184188,5.3823,2.363,0,1283,1,1.675,0.0,67,9.42,74,0,0,0,0
checkpassword-reply,10012,3.8952,36015ee6ddb668b219e92de84de4bc11,5ec4866f9f5b16b49514a994333bd99238708b5cbf8dda7d74d71630baba737e,MIPS,DYN,SYSTEMV,0,LSB,4080,11,2,0,True,True,True,True,6,0,3,24,6,4.0,43,0,1,1,0,30,1,11,4,0.198162,5.3133,2.4844,0,1201,1,3.4624,0.0,135,9.92,60,0,2,2,2
chezmoi,38863005,5.6639,22e98468799aa852641b991978369cb1,bb18058b218a9a9f4bd2aca462e8b3f0a876010b4097abe4733fcc91d6e301cb,MIPS,EXEC,SYSTEMV,0,LSB,899100,6,3,0,False,False,True,False,0,1,0,0,0,0.0,0,0,1,0,0,16,1,10,1,0.544078,5.913,4.6744,0,0,0,0.5283,0.0043,190724,22.96,3345,16,144,211,13600
chown-coreutils,78388,5.4807,7e1dcd1c2f4303c51e2610e4f72e8b46,89257df715881dae63a6bf3a6f057c3121e15c212524d80934851f8ccdfcc137,MIPS,EXEC,SYSTEMV,1,LSB,4202896,10,2,0,True,True,True,False,2,0,0,99,4,24.75,115,0,1,5,0,34,1,13,5,0.657039,5.6137,2.582,0,1361,1,1.4585,0.0,703,7.45,39,0,4,8,0
chronyc,76844,6.0202,f183c146fb4745aac67334ae3444701d,57ea665d204c1f3f437e933c3d173dc6cb403d369b1ad793a9a8bc84b2c14cec,MIPS,EXEC,SYSTEMV,1,LSB,4201952,10,2,0,True,True,True,False,6,0,2,91,2,45.5,101,0,1,10,0,32,1,11,4,0.602571,6.022,2.5823,0,0,0,1.1398,0.0,1613,6.73,46,1,0,0,0
chronyc.fd7ea804,78716,6.0551,244e2c66360703ef3c610df7395a49f4,fd7ea80470dff1c1bed5a481a828107e9f7d9eec06bef086224239715418e03b,MIPS,EXEC,SYSTEMV,1,LSB,4201824,10,2,0,True,True,True,False,4,0,0,90,2,45.0,100,0,1,10,0,32,1,11,4,0.617918,6.0836,2.5689,0,0,0,1.0759,0.0,1633,6.65,46,1,0,0,0
chronyd,263760,5.9945,7df52811163b377d47bfc7759169c403,5fafd0cfa045cdcda95247cdccdfe60ab81ffcbed50ea44d213c6cfffcf5ed77,MIPS,EXEC,SYSTEMV,1,LSB,4219008,10,2,0,True,True,True,False,7,0,3,201,2,100.5,212,0,1,23,0,33,1,12,4,0.820443,6.0096,2.5795,0,1322,1,0.8661,0.0,1811,7.19,66,0,0,0,1
chronyd.1a5feafb,231664,5.9808,f1172c712b261cef930507a4ad052ea9,1a5feafb8173c1cfacf89c5cea20ae4316d099080054fbb2b67316258041f3aa,MIPS,EXEC,SYSTEMV,1,LSB,4216720,10,2,0,True,True,True,False,5,0,1,151,2,75.5,161,0,1,17,0,33,1,12,4,0.829477,6.0009,2.5646,0,1322,1,0.7981,0.0,2014,6.28,51,0,0,0,1
chroot-coreutils,46836,5.3674,d454d3f53acdc584a14f7bb376a4293e,31ff26d72131b33b7cc283fb867bff488b1403b3be60f3da76f4329d00ebcc6a,MIPS,EXEC,SYSTEMV,1,LSB,4201872,10,2,0,True,True,True,False,2,0,0,69,4,17.25,85,0,1,5,0,34,1,13,5,0.596123,5.5785,2.5587,0,1361,1,1.5416,0.0,391,7.88,39,0,4,6,0
ciptool,31464,5.8026,6aa42bdc5bee054450ae3a5503909454,832c1191de24a9996711f6a809d78ddfd51812e2dbf3bc95fcdec639ad7da298,MIPS,EXEC,SYSTEMV,1,LSB,4199136,9,2,0,True,True,True,False,2,0,0,37,42,0.881,85,0,1,5,0,30,1,9,5,0.654462,5.7596,2.8961,0,1202,1,1.0051,0.0,354,7.98,35,0,0,0,0
cjdroute,1006764,6.2289,65dc0195ad581d7cedd98c39854071a2,a3564eddba19e653f655f1864d4f2fc2467ccecb3cb3c85f883d5524c77087e7,MIPS,DYN,SYSTEMV,0,LSB,41424,11,2,0,True,True,True,True,5,0,1,193,563,0.3428,772,0,1,28,0,32,1,12,4,0.795229,7.132,3.0886,0,1280,1,0.7561,0.0,8325,9.28,76,20,2,6,13
cksfv,18152,5.7583,2e36e8436386c6e259cfe1f789a86054,fe012ebef90fd28d6b00ca090d366bebb8acc167a0a20095290f31d9bd885c63,MIPS,EXEC,SYSTEMV,1,LSB,4198512,10,2,0,True,True,True,False,2,0,0,48,2,24.0,57,0,1,0,0,33,1,12,4,0.459233,6.4784,2.5369,0,1321,1,2.0655,0.0423,308,7.01,80,0,1,1,0
cksum-coreutils,231284,6.3812,ba20ead24debc4ae031278efbd9b38bd,da908afc5a97d9b04318bc3500f54c202979a8cd48db068da6fa01888d503e1f,MIPS,EXEC,SYSTEMV,1,LSB,4208048,10,2,0,True,True,True,False,2,0,0,84,5,16.8,102,0,1,2,0,34,1,13,5,0.801785,7.403,2.6949,0,1361,1,1.2353,0.0575,1119,6.43,69,0,4,4,1
classes.cgi,53184,5.8501,d2d72f9f5dd6dad3dcd19b3bf88ea6ee,b4596435b3aa6f3bba0ee36bd47a53cf3939a6d928bbe5170c9f73291c2382e7,MIPS,DYN,SYSTEMV,0,LSB,10000,10,2,0,True,True,True,False,13,0,9,104,37,2.8108,149,0,1,2,0,31,1,12,4,0.660349,5.8404,2.6695,0,1180,1,1.2504,0.0,626,9.73,41,1,0,0,0
cnetflow,15204509,5.6214,a8cd4e1fc353bd3d1936cb5901cc9832,7157b7797f3828ab67ad1909ab14da6dba7402b59571e12b83070dfd64915425,MIPS,EXEC,SYSTEMV,0,LSB,908520,6,3,0,False,False,True,False,0,1,0,0,0,0.0,0,0,1,0,0,16,1,10,1,0.540752,6.87,4.2687,0,0,0,0.6062,0.0075,80078,19.99,836,13,5,12,3322
cnflegacy,15138973,5.6053,f97a57295c9590de645d9ac1d0b0223f,4f0df252e16722cdb8b56097cb529dafa89825b93eb7508a61563831d89393c3,MIPS,EXEC,SYSTEMV,0,LSB,908520,6,3,0,False,False,True,False,0,1,0,0,0,0.0,0,0,1,0,0,16,1,10,1,0.539274,6.8697,4.2495,0,0,0,0.6552,0.0075,80747,19.69,836,13,5,12,3276
colrm,25036,5.2829,ef135914563fd1b1c7508afc4514fb7f,676ceb4e3d248abb0fefda3338e4f0afa0512b4dadd7b0f0c92ae25ec12278a2,MIPS,EXEC,SYSTEMV,1,LSB,4199856,10,2,0,True,True,True,False,3,0,0,60,14,4.2857,82,0,1,1,0,33,1,12,5,0.616712,5.559,2.667,0,1323,1,1.3066,0.0,190,8.06,29,0,0,0,0
column,53756,5.5066,a96bfd9c7f8a0e2c4cec10ed6a562477,8ec87e47391cb18331cd785d8814392b4ff334bd0af869cf7fc165aea2107714,MIPS,EXEC,SYSTEMV,1,LSB,4207536,10,2,0,True,True,True,False,4,0,1,118,30,3.9333,158,0,1,2,0,33,1,12,5,0.618796,5.6024,2.7457,0,1323,1,1.1911,0.0,550,9.18,43,0,0,0,0
comgt,49304,5.8849,3df7ff659a55a326dafa73db24313696,a6a122de61fa353b62f3c4cadb28ece29e65c8ea112d9813459812e285e5fe0d,MIPS,EXEC,SYSTEMV,1,LSB,4200928,10,2,0,True,True,True,False,2,0,0,60,2,30.0,70,0,1,7,0,33,1,12,4,0.504624,5.871,2.6955,0,0,0,1.0145,0.0,1445,6.54,26,0,0,2,0
commandtoescpx,6636,4.7129,42877b3ba4d749665b8dbc75c78d211b,e05dd6a99278f20c935ce8884a1dd552de2b5075ba164637afa326d90707b028,MIPS,EXEC,SYSTEMV,1,LSB,4197760,10,2,0,True,True,True,False,13,0,8,17,2,8.5,25,0,1,1,0,32,1,11,4,0.260398,5.4836,2.4784,0,1283,1,1.6731,0.0,111,8.09,18,0,0,0,0
commandtopclx,5708,4.5136,aebd0c469ee68b891d99d57e4d11c444,cb0668145a612adcd880a30f3825ef5c193583bab734af2569f05c23228a5022,MIPS,EXEC,SYSTEMV,1,LSB,4197072,10,2,0,True,True,True,False,13,0,8,14,2,7.0,22,0,1,1,0,32,1,11,4,0.201822,5.5701,2.4778,0,1283,1,1.8622,0.0,99,8.05,17,0,0,0,0
commandtops,10692,5.2581,653da340523888e75bb0ded29c01686a,923ae9ca5978d66ded8e6b56b178267edf9293cc6852d9541ae8c49e2043471b,MIPS,DYN,SYSTEMV,0,LSB,5552,10,2,0,True,True,True,False,13,0,9,32,5,6.4,44,0,1,1,0,30,1,11,4,0.329218,5.6445,2.533,0,1201,1,1.8132,0.0,243,8.97,80,0,0,0,0
config,134056,5.3753,ef6057e0ed95c724929d6820a8d35a19,29891ea7c049c8fbd6148fa319e8e2fe16a5106407b29fa588cc851d48aef534,MIPS,DYN,SYSTEMV,0,LSB,27552,11,2,0,True,True,True,True,5,0,2,163,36,4.5278,306,0,1,7,0,32,1,13,4,0.406397,5.7658,2.837,0,1282,1,1.8761,0.0,1939,12.47,67,0,0,0,1
corosync,467144,6.0534,09e40b094de2719199dd5d25a0335cbe,d06603edc8590f509577aa86653283c89659bc5cbf348c6c8f688169082dcb88,MIPS,DYN,SYSTEMV,0,LSB,35136,11,2,0,True,True,True,True,8,0,4,249,210,1.1857,510,0,1,24,0,33,1,13,4,0.723135,6.0735,2.9164,0,0,0,1.3276,0.0,5362,10.18,364,2,0,0,0
corosync-cfgtool,18548,5.2604,ab8afad7f113cc46239464dc612e087a,4c9ad12e993e60ef06cb310f66bab36b3a9bd83fbe0b8c5f33f7534d00441df1,MIPS,DYN,SYSTEMV,0,LSB,5664,11,2,0,True,True,True,True,5,0,3,40,6,6.6667,52,0,1,1,0,30,1,11,4,0.455467,5.8818,2.6267,0,1201,1,2.8065,0.0,335,7.77,33,0,0,0,0
corosync-cmapctl,26960,5.2028,100120a63352b14a39ea421c74e6d015,d475bdc2c86b936c1f5f289ce8cced275285a849c5a66b5d40b95d795524f0e3,MIPS,DYN,SYSTEMV,0,LSB,7600,11,2,0,True,True,True,True,4,0,2,62,5,12.4,79,0,1,0,0,30,1,11,4,0.462315,5.6787,2.7247,0,1201,1,2.9056,0.0,421,7.52,30,0,0,0,0
corosync-cpgtool,10080,4.4682,a2e7fb567e1e8e3ebe83aae6d3c26bcd,4dbdb1b0b25cf783bcb2f4d49eb39fd4bac408535c6ef71750b7591f4df40797,MIPS,DYN,SYSTEMV,0,LSB,3296,11,2,0,True,True,True,True,3,0,2,23,5,4.6,35,0,1,0,0,30,1,11,4,0.296825,5.6956,2.5569,0,1201,1,3.5591,0.0,126,8.63,27,0,0,0,0
corosync-keygen,10080,3.7355,c73ce4a22f5aa303129c85d1a68f76bb,6e06d803e8f42b4903d92fe00dae7fc58234188ae8bb5fd2b162047157efec13,MIPS,DYN,SYSTEMV,0,LSB,3024,11,2,0,True,True,True,True,2,0,0,17,4,4.25,26,0,1,1,0,30,1,11,4,0.161905,5.5696,2.5451,0,1201,1,3.8188,0.0,165,7.81,26,0,0,0,0
corosync-notifyd,18816,5.5394,97ba5e433df8b48e1edb7965533b9eb5,01ec274b993cd6ab13202c1341ecdbf0168624a85999baee29c99ca83f9b6a9c,MIPS,DYN,SYSTEMV,0,LSB,6576,11,2,0,True,True,True,True,6,0,5,64,5,12.8,75,0,1,1,0,30,1,11,4,0.454932,5.8193,2.5808,0,1096,1,1.7438,0.0,315,9.28,39,0,0,0,0
corosync-qdevice,209092,5.8395,db6519e6319223d5438b29b22e7d40b7,c66bb8481873a309889b8eb11310dc87e390d49a9cc6f92a1964779a8d35695f,MIPS,DYN,SYSTEMV,0,LSB,27088,11,2,0,True,True,True,True,9,0,6,148,328,0.4512,485,0,1,13,0,32,1,13,4,0.613472,5.8276,2.8819,0,1282,1,1.3437,0.0,3334,10.17,60,0,0,0,0
corosync-qdevice-tool,19480,4.6457,a6f8057fc7efe805e3c79d6c7e5ffac9,560222c0f448f273e9599ab9c599497280aa3f9dc1abd55ca53d711f71cba4ab,MIPS,DYN,SYSTEMV,0,LSB,5136,11,2,0,True,True,True,True,2,0,0,55,19,2.8947,81,0,1,10,0,30,1,11,4,0.422998,5.5411,2.5536,0,1201,1,3.2107,0.0,175,8.05,51,0,0,0,0
corosync-qnetd,150616,5.797,42d7fe148a40a29bedf8530f4f03db25,07d7e782623d4150cabf160c76c46ab6b69841aa3a2da2ffadb4620395bf0c09,MIPS,DYN,SYSTEMV,0,LSB,21936,11,2,0,True,True,True,True,5,0,3,118,255,0.4627,383,0,1,10,0,32,1,13,4,0.630265,5.8169,2.8396,0,1282,1,1.3569,0.0,2225,9.28,49,0,0,0,0
corosync-qnetd-tool,19480,4.7302,5354607b40d2962194ce04a9f78caa46,adf78f214250b00449fc00ad36f52619afa6a8862ce5d2c778b1dc4ad73db38a,MIPS,DYN,SYSTEMV,0,LSB,5376,11,2,0,True,True,True,True,2,0,0,55,19,2.8947,81,0,1,10,0,30,1,11,4,0.435318,5.5518,2.559,0,1201,1,3.0532,0.0,187,7.84,47,0,0,0,0
corosync-quorumtool,22848,5.3285,ad18947ba692d2a2e436702ba0965926,52bec73d1031fc5d9b651e4a209ae8685913df0074d0be6f5610319f83c86991,MIPS,DYN,SYSTEMV,0,LSB,6480,11,2,0,True,True,True,True,7,0,5,51,6,8.5,63,0,1,0,0,30,1,11,4,0.467087,5.7939,2.6419,0,1201,1,2.659,0.0,392,7.99,31,0,0,0,0
corosync-vqsim,162856,5.8454,2e35be1e5a0b46afa03ede6e227183a4,af33411042319cd94826382892b6d78f1c35bdb1e0fdc493d09ae5fe929173b6,MIPS,DYN,SYSTEMV,0,LSB,11408,11,2,0,True,True,True,True,6,0,4,109,74,1.473,193,0,1,4,0,32,1,12,4,0.696861,5.9109,2.7118,0,0,0,1.7211,0.0,1812,10.13,364,0,0,0,0
cp-coreutils,122276,5.6747,57442b57131af11584673f7239a625b5,db7616146dfbdd5bb853d66bb758fe8ec7c30a5e07c548b7094ff597204c04fd,MIPS,EXEC,SYSTEMV,1,LSB,4205440,10,2,0,True,True,True,False,3,0,1,138,6,23.0,157,0,1,9,0,34,1,13,5,0.680297,5.719,2.6453,0,1361,1,1.2653,0.0,1296,7.57,62,0,4,9,1
cpio,166480,5.7377,729d5ff94e488ffd3f5b29fbe188101b,719c4abff2489d4009332bdcba46b0bc2cb1bbb32551dfaa5e00bf9a21fa3420,MIPS,EXEC,SYSTEMV,1,LSB,4202800,10,2,0,True,True,True,False,2,0,0,148,7,21.1429,169,0,1,14,0,33,1,12,4,0.742432,5.7628,2.6969,0,1321,1,1.0937,0.0,1745,6.43,33,0,3,4,0
crawl,14824584,5.8738,a3217967380bb043b5061fa7b6b064f9,61443427ffd9e9c5d6772771fac4187bbd42d9a9c431b683a165810498323c2e,MIPS,EXEC,SYSTEMV,1,LSB,6385872,11,2,0,True,True,True,False,9,0,5,435,14559,0.0299,17728,0,1,11,0,36,1,13,4,0.67395,6.6332,3.3178,0,0,0,0.934,0.0001,112511,14.0,357,0,2,14,2897
crelay,38380,5.739,2a20e1b4e8e8be7534208305d2ea4540,470466d44d0cf5ec965ea007556448d3e1a7eb321cb8bcd4cd907f86e8fb734b,MIPS,EXEC,SYSTEMV,1,LSB,4201504,10,2,0,True,True,True,False,4,0,3,80,2,40.0,86,0,1,5,0,32,1,11,4,0.484836,5.6657,2.5195,0,1283,1,1.3005,0.0,950,8.72,50,0,2,4,1
cron,38632,5.5734,42ea9d68b57c82307e418008f89f8703,0be0513a661c9a77c3d3e0b608ff18a73348c7ee55c4f6ffbbd00a51a685d3ec,MIPS,EXEC,SYSTEMV,1,LSB,4201392,10,2,0,True,True,True,False,2,0,0,97,2,48.5,104,0,1,11,0,33,1,12,4,0.612963,5.7045,2.5193,0,1321,1,1.4236,0.0,544,6.89,28,0,0,2,0
crontab-vixie,32360,5.6152,c6910140b355d6f3f5a7666cb51d55bf,c2842504e04f7e65237f47c65031d108b1d1f2ff83da788ed43d8861670133f5,MIPS,EXEC,SYSTEMV,1,LSB,4200848,10,2,0,True,True,True,False,2,0,0,87,2,43.5,97,0,1,12,0,33,1,12,4,0.569592,5.8206,2.5568,0,1321,1,1.5496,0.0,498,6.78,28,0,0,3,0
cryfs,3704884,5.9588,d11189b8a9d434440ef3d31c5daa45a9,c678b813a34eebd48a5af2ed49d630bbd3f78dd13b940345d7a73caf741cc0f5,MIPS,EXEC,SYSTEMV,1,LSB,4623696,12,2,0,True,True,True,False,16,0,10,413,1068,0.3867,2023,0,1,38,0,38,1,15,5,0.612091,6.4371,3.4957,0,1520,1,1.4585,0.0041,12643,23.01,391,0,1,11,1796
ct_run,31792,5.4103,c385ad01035025f9d18ce4bc044167eb,2516c19b1eb48472d763ad4540b16c234764eafdc70daedad3cef467b0dfbbab,MIPS,EXEC,SYSTEMV,1,LSB,4198912,12,2,0,True,True,True,True,4,0,1,29,2,14.5,37,0,1,1,0,33,1,11,4,0.619527,5.7413,2.839,0,1321,1,1.9764,0.0,202,7.2,32,0,0,0,0
ctorrent,224068,5.8959,7f537f767cea4caecb546cca534079d1,fbf1ff435f1dc27c833bd5be4cd93047303ec23620d94a0619c7e92252a377ff,MIPS,EXEC,SYSTEMV,1,LSB,4202720,11,2,0,True,True,True,False,4,0,1,129,2,64.5,139,0,1,12,0,35,1,12,4,0.711427,5.8618,2.8658,0,1403,1,0.9729,0.0,2338,6.27,67,0,3,3,1
cups-browsed,199256,5.8941,29ab706ced25b8c3764aebf6dce2b290,7edcfb28de6c7642e9b13c8cac9b5055de9fe4d90a583a2d6e855ddcd2bc69f9,MIPS,EXEC,SYSTEMV,1,LSB,4217120,10,2,0,True,True,True,False,23,0,18,309,5,61.8,320,0,1,18,0,33,1,12,4,0.616052,5.7727,2.565,0,0,0,1.238,0.0,4044,8.37,99,0,1,2,0
cups-deviced,18784,5.0685,d56d93550a27e00de9792570fa63f5d6,690692b7f43cf0314c2260839e17e08454b42067c2c268f7a4e4ea857193947f,MIPS,DYN,SYSTEMV,0,LSB,9648,10,2,0,True,True,True,False,13,0,9,67,13,5.1538,87,0,1,5,0,30,1,11,4,0.435264,5.6608,2.5535,0,0,0,2.634,0.0,247,9.27,27,0,0,0,0
cups-driverd,157988,5.9835,ee94410dcf1ace8ed70bf3cff7c362a1,d2e65a2776cada443e49cf6ca63930ba72b03934b72930515b606ddb3187cddf,MIPS,DYN,SYSTEMV,0,LSB,17376,11,2,0,True,True,True,False,14,0,10,120,113,1.0619,261,0,1,5,0,33,1,13,4,0.648049,5.8135,3.2916,0,1320,1,1.0459,0.0,1833,9.97,112,0,0,0,1
cups-exec,6164,4.5478,3ee5cc572ffa7de00f9e11ba1d27a125,70b415b6aa0a8f13f40e5246f1c5a307c7c0cb9fc96bba5169ab0bbc4bc9750e,MIPS,DYN,SYSTEMV,0,LSB,3072,10,2,0,True,True,True,False,13,0,9,18,5,3.6,28,0,1,3,0,30,1,11,4,0.249189,5.4088,2.4828,0,1201,1,1.9104,0.0,95,8.95,20,0,0,0,0
cups-lpd,24840,5.5984,ea36d62a67479e94edd0653999dbdda2,e765c342f5d84b811a1cfc878e1fea93b3eca600f4ed9579340f679fe1e65254,MIPS,DYN,SYSTEMV,0,LSB,7008,10,2,0,True,True,True,False,13,0,9,68,5,13.6,80,0,1,2,0,31,1,12,4,0.563607,5.714,2.6137,0,1240,1,1.4723,0.0,406,7.78,25,0,0,0,0
cups-pdf,131148,1.5167,fe09df29e95b7ab1332ecc8da45f868b,de3a7c2d95d5c857e170714b52bc1551923d221084e08ca8b925dc1034db1e81,MIPS,EXEC,SYSTEMV,1,LSB,4204208,10,2,0,True,True,True,False,3,0,1,63,2,31.5,70,0,1,8,0,32,1,11,4,0.08784,5.6756,2.5084,0,1283,1,2.9619,0.0,629,7.81,36,0,0,0,0
cupsaccept,7696,4.9632,929f52cf6bf5456dca1b85c9ba842e7a,c50dbb4f2beea8e6d45999a3222df735d1c315d304c404c350d844c679073c3d,MIPS,DYN,SYSTEMV,0,LSB,4224,10,2,0,True,True,True,False,13,0,9,20,5,4.0,31,0,1,0,0,30,1,11,4,0.313929,5.5618,2.486,0,1201,1,2.0805,0.0,122,9.41,21,0,0,0,0
cupsaddsmb,8776,4.8938,c9e1624e30136599646facfff4cc0dc2,1e09367f0c28a67357c0345de11563b6a0df40d8cac1f47773ea3af47ebecf74,MIPS,DYN,SYSTEMV,0,LSB,4272,10,2,0,True,True,True,False,13,0,9,27,7,3.8571,45,0,1,1,0,31,1,12,4,0.308113,5.4465,2.5509,0,1243,1,1.709,0.0,133,9.74,25,0,0,0,0
cupsctl,9384,5.0497,3bc5bf96137d93c93ad671de1a6d3d56,86bcbfabff8e6c427281b926543d8fd24825d72304b4dc897c81886f205ce4c9,MIPS,DYN,SYSTEMV,0,LSB,4464,10,2,0,True,True,True,False,13,0,9,25,5,5.0,36,0,1,0,0,31,1,12,4,0.28133,5.4704,2.5505,0,1240,1,1.6169,0.0,188,10.31,26,0,0,0,0
cupsd,476436,6.0848,ed9057b591f118eb24a05fe71d535447,1a6e22ff30b96dab3e2d4c38cde37ed93c526cd62a46894de27961d45a467b34,MIPS,DYN,SYSTEMV,0,LSB,42432,10,2,0,True,True,True,False,14,0,10,391,200,1.955,751,0,1,19,0,31,1,12,4,0.730222,5.9165,2.9173,0,1240,1,0.7537,0.0,6590,9.48,203,1,5,5,1
cupsfilter,40612,5.6684,ee02df3b8be73bce7c76367ac5ccfa52,dd54de6c2884a922bb92c1a13cc66e3367db90d184e16bde0f35ee33ab4dfd33,MIPS,DYN,SYSTEMV,0,LSB,14880,10,2,0,True,True,True,False,13,0,9,102,23,4.4348,132,0,1,5,0,30,1,11,4,0.626022,5.8144,2.5845,0,1201,1,1.5186,0.0,444,9.13,42,0,0,0,0
cupstestdsc,10436,5.2222,750702cb1a0bc703d94e2d5e3d265cd2,73724751132471a8bda0e74e339ddc3f7851613c6a4e82e714225dc9acaa5596,MIPS,DYN,SYSTEMV,0,LSB,2832,10,2,0,True,True,True,False,13,0,9,24,5,4.8,36,0,1,0,0,30,1,11,4,0.397087,5.5496,2.5211,0,1201,1,1.621,0.0,208,8.35,20,0,0,0,0
cupstestppd,60752,5.9153,75337e193df842d8888732793b982eb9,0baf19d9a85c682e129bcc1c1294f46329ba37df1f4733dd97734a47048aca26,MIPS,DYN,SYSTEMV,0,LSB,21536,10,2,0,True,True,True,False,14,0,10,90,5,18.0,102,0,1,1,0,31,1,12,4,0.655518,5.8245,2.6073,0,1240,1,0.9104,0.0,1060,7.65,74,0,0,0,0
curl,174644,6.0711,6b2fe3e81cb148e3302acc9cf6ef0489,41004c8423f9ad7c7ab956f47a2dbded372584dd1711db4782b6eb65d27d5c2d,MIPS,EXEC,SYSTEMV,1,LSB,4207312,9,2,0,True,True,True,False,7,0,5,137,116,1.181,294,0,1,6,0,31,1,10,5,0.646435,5.9104,3.0006,0,252,1,0.8889,0.0,3252,7.93,83,0,2,125,1
cut-coreutils,49332,5.5433,61d49539f7965cfb0ba9d727bbc396d8,d934ca4a5d7496d95bfbb8e954a743cb09ed0a6e618d451bd26a54460ca0997f,MIPS,EXEC,SYSTEMV,1,LSB,4201120,10,2,0,True,True,True,False,1,0,0,69,3,23.0,85,0,1,2,0,34,1,13,5,0.614287,5.6903,2.5945,0,1361,1,1.3718,0.0,503,7.63,39,0,4,4,0
cutter,14648,5.1683,755e422181c2bd49b773c54296fecda2,df89be7dca2aeb25347fd85596b7ea110eaacb642f9ba7df9f8b6d5e5233015e,MIPS,EXEC,SYSTEMV,1,LSB,4197424,10,2,0,True,True,True,False,2,0,0,32,2,16.0,38,0,1,5,0,33,1,12,4,0.456581,5.8845,2.4355,0,1068,1,2.7876,0.0,211,7.2,32,0,1,2,0
cvs,644088,6.0042,75b4bd42860fc80b3aa512228e542f9a,f95c4e9be6c073da2793d04f47927675671e91ac7664bb61311affbd7f92d77b,MIPS,EXEC,SYSTEMV,1,LSB,4205984,10,2,0,True,True,True,False,4,0,2,155,13,11.9231,179,0,1,16,0,33,1,12,4,0.756965,5.9079,2.6468,0,1321,1,0.7402,0.0016,9051,6.68,82,1,1,1,5
d596fbeb57e296a509fa152c3309b834ed9eff4602ddf029dbb5d26b094c1582,4316,4.0073,42fa395d0e5f59299e86106398d6f732,d596fbeb57e296a509fa152c3309b834ed9eff4602ddf029dbb5d26b094c1582,MIPS,EXEC,SYSTEMV,0,MSB,4196048,8,2,2,True,True,True,False,6,0,4,6,3,2.0,23,0,1,0,0,27,1,10,4,0.174235,4.8464,2.1988,0,1083,1,1.1775,0.0,56,9.98,23,0,0,0,0
daemonize,12040,5.2117,5adf236a6345f9eb90dd5b43aef3d88e,9e5663c33ecdc7ff9fb7b05fc27380521e1899a435ff4e8205872706a8e7447f,MIPS,EXEC,SYSTEMV,1,LSB,4199408,10,2,0,True,True,True,False,2,0,0,39,2,19.5,47,0,1,8,0,33,1,12,4,0.329568,5.666,2.5301,0,1321,1,1.8205,0.0,300,6.67,48,0,0,0,0
dansguardian,662760,5.9977,0225b5e3ecb4e6567812dc68730a51de,3c2fa85c66af0fd382ec9a3b6643f40a55b2303dbc013b05d86dec8d65516331,MIPS,EXEC,SYSTEMV,1,LSB,4213904,11,2,0,True,True,True,False,5,0,2,204,7,29.1429,235,0,1,16,0,36,1,13,4,0.804949,5.8718,2.9509,0,1442,1,0.5293,0.0,2926,9.08,191,2,1,6,10
date-coreutils,106772,5.9169,06058536524aed10003187d84ecfc995,7561556d82e8b64ab13ae249812b57a6c9ed267887611e56e2a330694dd4e556,MIPS,EXEC,SYSTEMV,1,LSB,4203664,10,2,0,True,True,True,False,2,0,0,87,5,17.4,105,0,1,4,0,34,1,13,5,0.673135,5.9199,2.6359,0,1361,1,1.1371,0.0,1388,6.96,86,0,4,4,2
dbus,11288,5.1755,1a0e288b568d9793fbecc6050fd705ac,52c092d64a7956ba525d7db68275367a665aa8cbbfce6de1def799c74454acf6,MIPS,DYN,SYSTEMV,0,LSB,7008,10,2,0,True,True,True,False,14,0,10,39,5,7.8,49,0,1,7,0,30,1,11,4,0.396882,5.4612,2.5332,0,616,1,1.619,0.0,187,10.46,32,0,0,0,0
dbus-cleanup-sockets,8268,5.0086,36f482231d195de23a8c6a59ea70e342,ffa478052c661aa4004e56ce9c79bf23aecdca79b8789c1d8579a1bb69ae0fce,MIPS,EXEC,SYSTEMV,1,LSB,4198416,10,2,0,True,True,True,False,1,0,0,27,1,27.0,32,0,1,3,0,32,1,11,4,0.301887,5.5785,2.4349,0,1283,1,1.8603,0.0,170,7.38,20,0,0,0,0
dbus-daemon,231184,5.823,8bfe39984f79569de58851730fbc4436,3f08627dc9048f49c5922ff203e6c529ca125f39c771e8a922d721fcee8fd684,MIPS,EXEC,SYSTEMV,1,LSB,4216496,10,2,0,True,True,True,False,5,0,2,366,6,61.0,381,0,1,71,0,34,1,13,5,0.699287,5.7307,2.7877,0,1362,1,1.0392,0.0,2325,10.42,63,0,1,4,1
dbus-daemon-launch-helper,55668,5.5959,e6f7aeab1b80c3e7f45b28225175608a,491d2b51544cb14b7355b2555a30138a7df8e38edde5c52c7d8110c9172a6cda,MIPS,EXEC,SYSTEMV,1,LSB,4203840,10,2,0,True,True,True,False,4,0,2,160,5,32.0,171,0,1,16,0,33,1,12,5,0.601566,5.6168,2.7593,0,1323,1,1.2887,0.0,560,11.14,53,0,0,3,0
dbus-launch.real,15340,5.4928,d6dcf503dcd4ac8c267e1f71905f5b9f,754ad35770af94eb98a6fc917dfd6772e1032b802f41cc408352b4ae3e1ce52b,MIPS,EXEC,SYSTEMV,1,LSB,4202000,10,2,0,True,True,True,False,2,0,1,48,1,48.0,54,0,1,6,0,32,1,11,4,0.404694,5.6796,2.5145,0,1283,1,1.662,0.0,313,8.6,37,0,0,0,0
dbus-monitor,18252,5.4322,ac895efbc46331296284d7f7ad8e1da0,ce239da47f4529feb676aa15bbae72669e088e6c07387c1754fc8d0e084fc841,MIPS,EXEC,SYSTEMV,1,LSB,4200784,10,2,0,True,True,True,False,2,0,1,64,1,64.0,70,0,1,7,0,32,1,11,4,0.427789,5.6375,2.5114,0,1283,1,1.6439,0.0,326,9.43,43,0,0,0,0
dbus-send,20748,5.4618,7ff8b610c4740594f7d5f9a2a60c6778,74e2477da04365dfae31d0f7a9785a1b9f68ca3aa16c4823c16d568d479148c4,MIPS,EXEC,SYSTEMV,1,LSB,4202464,10,2,0,True,True,True,False,2,0,1,73,1,73.0,79,0,1,7,0,32,1,11,4,0.441103,5.5643,2.5114,0,1283,1,1.6325,0.0,432,8.53,41,0,0,0,0
dbus-test-tool,15868,5.4211,cb34a19744b6c13bd65154c5096679f5,766aa3001f8189b9e67bb75bb526e8ccd77321ce725a04a9f03d0f4173df6229,MIPS,EXEC,SYSTEMV,1,LSB,4198288,10,2,0,True,True,True,False,2,0,1,51,1,51.0,57,0,1,7,0,32,1,11,4,0.367028,5.5923,2.5162,0,1283,1,1.559,0.0,372,8.74,35,0,0,0,0
dbus-uuidgen,6028,4.5393,a120980ccc8a0234d8c5dd0597a781e1,d1c6a8c42c37b7dd1ee73236c50f39fe6a901007929e13c92caba441decc8d35,MIPS,EXEC,SYSTEMV,1,LSB,4196816,10,2,0,True,True,True,False,2,0,1,16,1,16.0,21,0,1,0,0,32,1,11,4,0.230922,5.3076,2.4406,0,1283,1,1.8031,0.0,99,8.49,22,0,0,0,0
dd-coreutils,76868,5.6532,41c1d347ca413fff3de7ad73285a5136,8b50069468d3627ab4fa6d468852b7784e5a338d373b0a848210a9218e587755,MIPS,EXEC,SYSTEMV,1,LSB,4211072,10,2,0,True,True,True,False,2,0,0,92,4,23.0,108,0,1,2,0,34,1,13,5,0.644221,5.77,2.6404,0,1361,1,1.6869,0.0066,903,7.07,39,0,4,4,2
dda216101cd17b7a1de8afd91e95ed566675dfdf358969fc9bd9684fa56ca3ec,63316,5.2076,75cbf6cf4ccbe576932e7a834b08c359,dda216101cd17b7a1de8afd91e95ed566675dfdf358969fc9bd9684fa56ca3ec,MIPS,EXEC,SYSTEMV,0,MSB,4202256,8,2,2,True,True,True,False,5,0,2,98,73,1.3425,188,0,1,20,0,27,1,10,4,0.592331,5.2476,2.6351,0,0,0,1.6233,0.0,771,9.82,31,1,0,3,0
delv,44624,5.8228,f39b9a3b4e867470882bf23dea0068e6,0daa70e74c8b1101ceef9c09f012aca430db084b4f3108730cf8311ab57b03d4,MIPS,EXEC,SYSTEMV,1,LSB,4211408,9,2,0,True,True,True,False,5,0,4,175,6,29.1667,208,0,1,2,0,30,1,9,4,0.409107,5.9288,2.7211,0,0,0,1.6528,0.0,1054,9.28,108,2,2,2,6
dialyzer,31792,5.3013,edf95e0c8ad7546a14a8ef17e0bc523e,92ceb65df0eec3f29584fddc4ec493b703fac3bc318518fa5c097897f83c8a0d,MIPS,EXEC,SYSTEMV,1,LSB,4198224,12,2,0,True,True,True,True,4,0,1,29,2,14.5,37,0,1,2,0,33,1,11,4,0.59839,5.7543,2.8352,0,1321,1,2.3717,0.0,197,7.11,32,0,0,0,0
dict,118428,5.6288,4e8ff262eef2953c93b87a4a95d0b22c,de7288cf7c9a0e77555d5655159462cc6c046118146a0b1bd0ff4c456455e40d,MIPS,DYN,SYSTEMV,0,LSB,18272,11,2,0,True,True,True,True,7,0,4,211,96,2.1979,342,0,1,15,0,32,1,13,4,0.632418,5.7503,2.8022,0,1282,1,1.5992,0.0,1182,11.06,42,0,0,0,0
dig,130320,6.1702,c5a5beffd3c68cfdf47e01da37786f6c,8f8938f663eeca0be420c71ee048bf5531429e5a931c18404b460f0edf8aed02,MIPS,EXEC,SYSTEMV,1,LSB,4210960,9,2,0,True,True,True,False,5,0,3,230,46,5.0,351,0,1,7,0,31,1,10,5,0.612277,6.1591,3.0432,0,0,0,1.3475,0.0,2452,8.89,108,1,0,0,0
digitemp_DS2490,62552,5.7604,3eb0d23279c3ac66d63dc39ea6001db5,9e1abe7c1d3f73e44b28c917305fddd10672a5d8640e4e3ccfe35bfe9d58fa31,MIPS,EXEC,SYSTEMV,1,LSB,4202048,10,2,0,True,True,True,False,4,0,1,75,2,37.5,86,0,1,1,0,33,1,12,4,0.554035,5.863,2.5346,0,0,0,1.7864,0.0041,1308,6.67,32,0,1,1,0
digitemp_DS9097,59496,5.8848,aba0ab953e1e86cb040d8b971918d180,93f81452908f50d67648ee97f2116c6141bc7493671aeb7d47af036c26d9d0dd,MIPS,EXEC,SYSTEMV,1,LSB,4201616,10,2,0,True,True,True,False,2,0,0,67,2,33.5,77,0,1,1,0,33,1,12,4,0.576039,5.8657,2.5299,0,0,0,1.2871,0.0043,1285,6.53,32,0,1,1,0
digitemp_DS9097U,67000,5.7485,29db8fd07b5f274a9ecccb94b01a2a6b,5b4c058ad093da7a656226cc9fdd91f5803beefd1d00f7f30f58cecc78aa2c9a,MIPS,EXEC,SYSTEMV,1,LSB,4201744,10,2,0,True,True,True,False,2,0,0,70,2,35.0,80,0,1,2,0,33,1,12,4,0.584836,5.8509,2.5341,0,0,0,1.784,0.0,1283,6.51,32,0,1,1,0
dir,165924,5.7856,51dcb5a28285a74ff92d327a2c5929a4,3b38ca306687b2019cc010f2e73bf9cc7dcb52f825db3105ad872635e1c38521,MIPS,EXEC,SYSTEMV,1,LSB,4211328,10,2,0,True,True,True,False,3,0,1,147,4,36.75,164,0,1,5,0,34,1,13,5,0.675586,5.8207,2.6411,0,1361,1,1.4233,0.0,2134,6.86,67,0,6,7,1
director,150120,5.8731,4c76050d84adc35570c508ac7d51a4d3,eaf3ff883f5db84428d8b4167a76f6f9d479f5e424dbcd248a7d7e96f786986b,MIPS,DYN,SYSTEMV,0,LSB,17584,11,2,0,True,True,True,True,3,0,2,171,119,1.437,315,0,1,17,0,31,1,12,4,0.669758,5.8486,2.7979,0,1240,1,1.3397,0.0,1910,10.04,42,1,0,0,0
dirname-coreutils,35684,5.3739,4bb385a0b82edf5bc32d159fbc1c7527,6fef3b8875868f9a74e316638ba0f75a77a0bdbad587fa9469723ec8caaf14e2,MIPS,EXEC,SYSTEMV,1,LSB,4199616,10,2,0,True,True,True,False,1,0,0,50,3,16.6667,65,0,1,2,0,34,1,13,5,0.576617,5.615,2.5831,0,1361,1,1.4927,0.0,352,7.52,39,0,4,4,0
dns-client,14580,3.9734,dc321b07e32d81f7baf85bb3d4f2ccb6,766e6776548bca377c68195728424444b7d170507695446706ebafc78d1172b3,MIPS,DYN,SYSTEMV,0,LSB,4304,11,2,0,True,True,True,True,3,0,2,43,6,7.1667,65,0,1,9,0,31,1,12,4,0.234842,5.3855,2.5769,0,1240,1,3.5885,0.0,150,11.69,42,0,0,0,0
dnscrypt-proxy,162520,5.9199,5167f579e66a1a6796b7ca6f04e2a365,13a9bba8fa134e4d26a48a4eed0998e4550ef045456b51174422052be60f87e4,MIPS,EXEC,SYSTEMV,1,LSB,4203504,9,2,0,True,True,True,False,6,0,2,172,2,86.0,181,0,1,23,0,31,1,10,5,0.748905,5.8158,2.6908,0,0,0,1.0761,0.0031,2105,9.33,94,5,1,1,7
dnscrypt-proxy.989b8f42,15073437,5.5979,fac9ca802577d6a09d00d6b024f127b4,989b8f4280b955eb75266e42c2d8d9c24fc01ed08bc65ad45683fd36a3bb4a32,MIPS,EXEC,SYSTEMV,0,LSB,890676,6,3,0,False,False,True,False,0,1,0,0,0,0.0,0,0,1,0,0,16,1,10,1,0.545807,6.6021,4.5181,0,0,0,0.6207,0.0075,78974,17.86,2985,32,11,26,2839
dnsmasq,366656,5.9384,38dbc464a44c502f2f90e0fb3d9a13eb,561fa10c79d0b27ff361402a9d23dd3a67ceeb835000c16760e252669fea9728,MIPS,EXEC,SYSTEMV,1,LSB,4216512,10,2,0,True,True,True,False,4,0,2,167,2,83.5,178,0,1,21,0,33,1,12,4,0.806903,5.8874,2.5626,0,1322,1,0.6914,0.0,3583,7.41,101,1,0,18,2
dnssd,17020,5.4586,e062f8944c37d9c57f59950dedbf1747,0c8d5a0abaeba515056f55f8a932db15c32cba7d47b1a3c6c9c361768fceefac,MIPS,DYN,SYSTEMV,0,LSB,6752,10,2,0,True,True,True,False,13,0,9,63,5,12.6,74,0,1,3,0,30,1,11,4,0.472855,5.7369,2.559,0,1201,1,1.7368,0.0,266,9.56,32,0,0,0,0
dos2unix,48844,5.5073,86d09d25f2ebf275aa6b23c6cb4d19cd,ff9b27d90ec40a2b4d7236e8b2b724978b9c688b4c2a928afea4b8d99f1f258a,MIPS,EXEC,SYSTEMV,1,LSB,4197648,10,2,0,True,True,True,False,2,0,0,39,2,19.5,47,0,1,3,0,32,1,11,4,0.515601,5.6952,2.578,0,1283,1,1.5316,0.0,801,6.85,45,0,2,2,0
doveadm,671496,5.7601,1c32fe8b8ca9b0c32d86f50b2f99e4fc,e78c525db9155ddd943b34a27e8544df6ec518a5dd4a40716b3130b895b75e7e,MIPS,DYN,SYSTEMV,0,LSB,70528,11,2,0,True,True,True,True,9,0,6,725,305,2.377,1166,0,1,33,0,32,1,13,4,0.614818,5.962,2.9244,0,1282,1,2.13,0.0061,8470,9.72,118,0,0,1,6
doveadm-server,631804,5.6465,c15803012d9517fa786a2c97cb4af927,8817070e9449f7f5050486210229e74cd48596f03d0174c79634b603c3fc704b,MIPS,DYN,SYSTEMV,0,LSB,67712,11,2,0,True,True,True,True,8,0,5,734,269,2.7286,1134,0,1,36,0,32,1,13,4,0.619939,5.836,2.9006,0,1282,1,2.2686,0.0,7018,10.84,50,0,0,1,0
doveconf,146656,5.4319,6bbfa3e91e2cdd88bebe9898b9f2c1b2,bb5dad181d290d5974c84eb6df555ad76cc18a16eae04b9d84f371593fddc6cd,MIPS,DYN,SYSTEMV,0,LSB,31744,11,2,0,True,True,True,True,5,0,2,173,34,5.0882,319,0,1,5,0,32,1,13,4,0.439887,5.7695,2.8444,0,1282,1,1.8366,0.0,2058,12.28,67,0,0,2,1
dovecot,88264,5.7429,8d70cb2d70c6e82792b4a30be1eda5b9,f5955794d90c405896578a1c571737647b8236d5a28b2e0f0337039f103c2856,MIPS,DYN,SYSTEMV,0,LSB,19152,11,2,0,True,True,True,True,5,0,3,203,57,3.5614,300,0,1,31,0,32,1,13,4,0.58606,5.8104,2.78,0,1282,1,1.4071,0.0,1214,10.71,45,0,2,2,0
dovecot-lda,18700,5.0668,f28939165d0562b25db9478b5c5a27ed,47d72957558c60392291f797cbed1aa53b64c01cf7ab56d1bad6b6ff9e1f679f,MIPS,DYN,SYSTEMV,0,LSB,11072,11,2,0,True,True,True,True,5,0,4,97,6,16.1667,126,0,1,5,0,31,1,12,4,0.311444,5.6049,2.5578,0,1240,1,2.3302,0.0,311,10.94,41,0,1,1,0
drill,66492,5.7879,11331c8f02b51e2fd18ef9c96fde9ccb,a3baaf8e76f6192710ec83f5d95250785953f03dc0797407fadfe59862df8d40,MIPS,EXEC,SYSTEMV,1,LSB,4213856,10,2,0,True,True,True,False,5,0,3,190,29,6.5517,231,0,1,3,0,34,1,13,5,0.596282,5.5911,2.5585,0,1361,1,1.0102,0.0,994,9.49,105,13,1,1,2
driverless,18556,5.406,662442742432dca6b7e4e25aae291221,6fa979e32c685be6842897de97d8d3b59c6d0bfd92be6a88192a6edf3d726691,MIPS,EXEC,SYSTEMV,1,LSB,4199280,10,2,0,True,True,True,False,16,0,11,54,2,27.0,63,0,1,5,0,32,1,11,4,0.400948,5.9537,2.4447,0,0,0,2.5054,0.0,412,7.85,26,0,0,0,0
dropbear,207528,6.0593,a8a9b014a0ab417ca8e02070fac8c49e,cfe161f7e7ea430699e947f34cbb413166561fa39beb73207e76287ef2610c0b,MIPS,EXEC,SYSTEMV,1,LSB,4212736,9,2,0,True,True,True,False,4,0,2,169,2,84.5,180,0,1,21,0,29,1,8,4,0.792182,6.0402,2.7673,0,0,0,0.826,0.0123,2309,7.07,75,0,2,4,2
dropbearconvert,42584,6.2736,f508bf1553152bf4714c4d9ff6c51604,dae81b7aa2e81130814bec723ea32c30f6f1a95ce5392edfcfcb020bfb6372c0,MIPS,EXEC,SYSTEMV,1,LSB,4204304,9,2,0,True,True,True,False,3,0,1,37,2,18.5,45,0,1,0,0,28,1,8,4,0.679316,7.4167,2.7926,0,288,1,1.3014,0.0539,530,6.94,64,0,0,0,1
du-coreutils,140484,5.7326,63ff0f0036840f6521a6a140d6070e4e,b90536797081d243dceefdba98785edb05de2dcf08f423132c1f092d6dae96d5,MIPS,EXEC,SYSTEMV,1,LSB,4209056,10,2,0,True,True,True,False,2,0,0,127,5,25.4,145,0,1,4,0,34,1,13,5,0.733692,5.7668,2.6396,0,1361,1,1.1178,0.0,951,7.27,39,0,4,5,0
dufs,3117616,6.2459,3609fb06328386a10a87ec2304af1f0a,1448a556aac80cff1354eb0d8094112e3b861c43e04d444725bd5a488c85fa74,MIPS,EXEC,SYSTEMV,1,LSB,4247136,11,2,0,True,True,True,False,7,0,1,119,2,59.5,124,0,1,17,0,36,1,13,5,0.765631,6.6448,3.1084,0,1440,1,0.5938,0.0109,15254,13.65,2700,2,6,17,435
dumpe2fs,20504,5.5864,446e334bf89704bbf7f25aa98761754d,2231fad273c7e131042e262b5608ae7411f0466879044f9b4a041d6e05564627,MIPS,EXEC,SYSTEMV,1,LSB,4205936,9,2,0,True,True,True,False,9,0,5,82,2,41.0,93,0,1,2,0,29,1,8,4,0.432306,5.753,2.771,0,1162,1,1.7159,0.0,419,8.95,44,0,0,0,0
dumpexfat,46488,5.7563,fd8778d7d23e73fd348a917ffa95fd40,6abf571a0615c43d20eb77880b1c80380a3608614db1f8618690205e1d31eff3,MIPS,EXEC,SYSTEMV,1,LSB,4198816,10,2,0,True,True,True,False,2,0,0,49,2,24.5,59,0,1,0,0,33,1,12,4,0.689382,5.9092,2.5393,0,1321,1,1.2295,0.0,717,6.01,17,0,0,0,0
dyn_erl,10368,4.821,d4d4fab375d3422e91651c5287b8fd09,a6a26dcef82a26eed601c563ee72f6df387316915e69b7f4a18c167f722b493a,MIPS,EXEC,SYSTEMV,1,LSB,4198464,12,2,0,True,True,True,True,2,0,1,31,2,15.5,38,0,1,2,0,33,1,11,4,0.32716,5.5405,2.6868,0,1321,1,2.0545,0.0,117,8.19,17,0,0,0,0
dysk,1905576,5.9832,0f44e5c4e3bc26aff455e36980c15a36,6e5a3d628057b1cded839e64146169a96147bd4fba2a70d889946668e197fbb4,MIPS,EXEC,SYSTEMV,1,LSB,4241248,11,2,0,True,True,True,False,5,0,0,111,2,55.5,119,0,1,14,0,37,1,14,5,0.711949,5.8936,2.9992,0,1483,1,0.6521,0.0099,5848,12.84,4463,6,5,9,161
e2freefrag,9784,5.2987,048bac55dc0e00d10b0590b8fb6fb7a8,5053313d74150adf5f9150005bb08d1da80f02d6640be8ff0adbe5cbb3e28255,MIPS,EXEC,SYSTEMV,1,LSB,4199360,9,2,0,True,True,True,False,6,0,2,29,2,14.5,40,0,1,0,0,28,1,8,4,0.397383,5.7977,2.766,0,1120,1,1.9542,0.0,181,7.74,24,0,0,0,0
e2fsck,307356,5.9746,c1f418b176f8d2cdb5ed28320eb47862,7ece4474cac5d5714ea7c781340976b5dcbcee9efd010260012f986a226d496c,MIPS,EXEC,SYSTEMV,1,LSB,4238848,9,2,0,True,True,True,False,9,0,5,373,247,1.5101,642,0,1,6,0,31,1,10,4,0.685954,5.894,2.8929,0,820,1,1.0331,0.0,4479,8.54,43,0,0,0,0
e749fce6616380ee5559e70d2c43b0a52d1c06b98bbdeda72f92bc33245fc484,7980,4.7587,a9df749b51ed7bcc7eac90b38d42cb1b,e749fce6616380ee5559e70d2c43b0a52d1c06b98bbdeda72f92bc33245fc484,MIPS,EXEC,SYSTEMV,0,MSB,4197472,8,2,2,True,True,True,False,4,0,2,38,3,12.6667,55,0,1,0,0,27,1,10,4,0.250627,5.0085,2.3004,0,1083,1,1.4978,0.0,103,14.87,38,0,0,0,0
easside-ng,27736,5.8884,511462cc32e12709c5b1cc8114aef2d9,69bb4709dc93e733c3178d1e2945ed33dfd2c7863f571fc336dd1c4b2f942fd7,MIPS,EXEC,SYSTEMV,1,LSB,4199888,9,2,0,True,True,True,False,12,0,7,66,2,33.0,74,0,1,5,0,29,1,9,5,0.587251,6.0284,2.8062,0,0,0,1.5347,0.0,553,7.15,36,0,1,1,0
eb49d061e10996df04eba46d98e8ead0cf783fc3d5e16b393fec70d2f4c67730,90360,5.6541,88ecd7c3deb0e0c3345287f75deea3c3,eb49d061e10996df04eba46d98e8ead0cf783fc3d5e16b393fec70d2f4c67730,MIPS,EXEC,SYSTEMV,0,MSB,4198112,8,2,2,True,True,True,False,3,0,0,52,19,2.7368,89,0,1,2,0,28,1,11,4,0.710403,5.5518,2.5045,0,1122,1,0.8268,0.0,1223,7.41,29,0,0,2,0
ebtables-legacy,4556,4.2132,bb9442f61d2969ac286266f5c811af56,5d7fd6e9bbff8783a664be28e5f13a652528411907f5e5dcaecaf66072701d3a,MIPS,EXEC,SYSTEMV,1,LSB,4196336,10,2,0,True,True,True,False,25,0,23,4,2,2.0,10,0,1,0,0,32,1,11,5,0.147498,5.3254,2.2885,0,1280,1,1.4461,0.0,74,10.99,26,0,0,0,0
ebtables-legacy-restore,7276,4.8201,6948688a15060da334ff7263df663000,6c78a398c9145f740e645000d09d129ab1aa51816735981f65ed6387bd1917eb,MIPS,EXEC,SYSTEMV,1,LSB,4198384,10,2,0,True,True,True,False,25,0,23,17,2,8.5,27,0,1,0,0,32,1,11,4,0.261682,5.716,2.4309,0,1283,1,1.7897,0.0,125,10.22,26,0,0,0,0
echo-coreutils,33044,5.3753,d3c103fb1d8eeffeef11d11b788cd5b8,2dab3d585403c0cf3920c68492aa787a8531a1e49f2dadf590beb6faaae8eea5,MIPS,EXEC,SYSTEMV,1,LSB,4200624,10,2,0,True,True,True,False,1,0,0,45,3,15.0,60,0,1,2,0,34,1,13,5,0.531171,5.6228,2.5582,0,1361,1,1.5053,0.0,349,7.65,39,0,4,4,0
eggdrop-1.10.0,469704,6.0362,fd0b9fe8da18123a933687f0dfaef639,ada951987bfe5a183f0adead37db831296a5efbc1f6d4cc90038e9ca3ee18ac8,MIPS,EXEC,SYSTEMV,1,LSB,4213312,10,2,0,True,True,True,False,10,0,5,301,2,150.5,310,0,1,15,0,33,1,12,4,0.751179,6.0013,2.7916,0,1321,1,0.9636,0.0011,5813,7.18,115,2,2,2,22
elfedit,33328,5.6548,db3aac2cae42f94a3c1a4bcb91192930,e21d8d15ac84e3e28f75fc77b6f33e8371d7ac8dbf39fa82c68ac01fd5ddc386,MIPS,EXEC,SYSTEMV,1,LSB,4200096,10,2,0,True,True,True,False,4,0,1,45,28,1.6071,89,0,1,1,0,34,1,13,5,0.571291,5.6784,2.6977,0,1361,1,1.5022,0.0153,517,7.5,94,0,1,1,2
elinks,1142624,5.8149,c9df6adcda29ebdf3caacd78a10348d8,a66d2aa2bbedf484da18bdedc5da0bb8c152094c45f4cb47c65a27f8dd6cc5c8,MIPS,EXEC,SYSTEMV,1,LSB,4208336,11,2,0,True,True,True,False,11,0,9,255,12,21.25,274,0,1,17,0,34,1,12,4,0.70678,5.8592,2.9685,0,0,0,1.1946,0.0,11308,8.26,124,3,57,60,7
empty,17880,5.3977,a0bca29584fcc7ad8397ebcfb37d7fe2,0c161178161cfb1099dc30f18e3484ee624ab7590482bbd518a61404b92f5be6,MIPS,EXEC,SYSTEMV,1,LSB,4202560,10,2,0,True,True,True,False,3,0,1,60,2,30.0,68,0,1,5,0,33,1,12,4,0.458166,5.7991,2.508,0,0,0,1.8819,0.0,348,6.39,26,0,0,0,0
encfs,683836,5.8969,daacd18562d12aac09af6ccb93b89c1a,e80c4c1a418d1a0faa3611e739802ee0b267a87b5abe2251eb8a47b374d5de77,MIPS,EXEC,SYSTEMV,1,LSB,4230912,11,2,0,True,True,True,False,9,0,6,311,5,62.2,344,0,1,15,0,36,1,13,4,0.712639,5.7797,3.0278,0,1442,1,0.8265,0.0,3795,11.12,99,0,0,1,118
encfsctl,633368,5.8449,abdc587aac371152d37c054e6bb09688,efdfb47ca18af052a06d98937bc2c57e2cd8dd6ea63925c6e88268dc803708ca,MIPS,EXEC,SYSTEMV,1,LSB,4219552,11,2,0,True,True,True,False,9,0,6,288,5,57.6,320,0,1,12,0,36,1,13,4,0.715742,5.7526,3.0088,0,1442,1,0.8533,0.0,3684,10.01,99,0,0,1,61
endlessh,16752,5.4405,d2b5ef0cb6c46c67bceef3ea85a8f2b3,d861daa2e1dc5d74b65ac1253d1652bb15c95705de0d216e3feb6035b905655a,MIPS,EXEC,SYSTEMV,1,LSB,4200864,10,2,0,True,True,True,False,2,0,0,47,2,23.5,57,0,1,5,0,33,1,12,4,0.47469,5.8222,2.4223,0,1322,1,1.8916,0.0,279,7.16,24,0,0,0,0
entr,19096,5.3063,c1cd465cfdb6fe001c84098e95900a03,12346ddc872b30bf6f3a7592966fa82db9a1c9daaa2deab54cf1dc58575e854f,MIPS,EXEC,SYSTEMV,1,LSB,4201424,10,2,0,True,True,True,False,2,0,0,64,2,32.0,73,0,1,6,0,33,1,12,4,0.47256,5.7582,2.4897,0,0,0,2.0264,0.0,287,7.42,50,0,3,4,0
env-coreutils,47892,5.5614,4b5ce3f92038fbcb6779337f46cc2ccd,43bd488a99cd967f903d3b997323298c9ed197397aeb3134424b5c10147000fa,MIPS,EXEC,SYSTEMV,1,LSB,4204960,10,2,0,True,True,True,False,1,0,0,71,3,23.6667,89,0,1,4,0,34,1,13,5,0.578635,5.7021,2.6444,0,1361,1,1.465,0.0,584,7.44,39,0,4,4,1
envdir,19676,4.8015,37b12e769943cd7e3ab5df5a691421ee,9cbc1bd883f2a6451ff0b29fa863ac95815721b1d7df79777ff03d9bc1067ff0,MIPS,EXEC,SYSTEMV,1,LSB,4197248,10,2,0,True,True,True,False,2,0,0,20,2,10.0,28,0,1,1,0,32,1,11,4,0.480585,5.5218,2.3988,0,496,1,2.6863,0.0,355,6.39,17,0,0,0,0
envini,19660,4.7641,316ecfb3999c5cdbc5805d4efb90340b,170fb97195821e04378424ccde236248f8bc920801dc04101e92476e88b577d9,MIPS,EXEC,SYSTEMV,1,LSB,4197248,10,2,0,True,True,True,False,2,0,0,15,2,7.5,23,0,1,1,0,32,1,11,4,0.489929,5.5544,2.3765,0,480,1,2.8854,0.0,327,6.42,17,0,0,0,0
envuidgid,15336,5.0215,ec99ede94c163f7b50f6ec9fdb99a073,7c128a9f116f6a82826a86d0217a7d92601885597a0824aba7a4a5b2007dd9ab,MIPS,EXEC,SYSTEMV,1,LSB,4196368,10,2,0,True,True,True,False,2,0,0,12,2,6.0,20,0,1,1,0,33,1,12,4,0.496609,5.4583,2.4079,0,340,1,1.6973,0.0,331,6.42,17,0,0,0,0
epmd,57028,5.5877,29c125d7b57fa28657644f778fecbb15,840627dc764f3dd13d58179a2fd69098955002343a79b672d9160eb9830abd6c,MIPS,EXEC,SYSTEMV,1,LSB,4200288,12,2,0,True,True,True,True,4,0,1,64,2,32.0,74,0,1,8,0,34,1,12,4,0.58217,5.798,2.8066,0,1360,1,2.0834,0.0,762,6.63,32,0,0,0,0
erl_call,137592,5.8485,b69d7b00ebcd2efdbbdf04f810d2ab38,1fc5159eb72e85be216c0e5b40a73ba732d65076be79cb84f2792f33e82a83e9,MIPS,EXEC,SYSTEMV,1,LSB,4211344,12,2,0,True,True,True,True,4,0,1,94,131,0.7176,235,0,1,11,0,34,1,12,5,0.654457,5.8819,3.0251,0,1361,1,1.2935,0.0,1168,8.1,33,0,0,0,0
erl_child_setup,19088,4.9775,59dfba3ba5a4e597f82a2f379b559282,79e3e654734776728a787136980c5cd73d43b0e155ca3fd8c087e27545d78610,MIPS,EXEC,SYSTEMV,1,LSB,4199824,12,2,0,True,True,True,True,2,0,1,44,2,22.0,51,0,1,5,0,33,1,11,4,0.44342,5.6662,2.6869,0,1321,1,2.7747,0.0,171,7.1,17,0,0,1,0
erlc,146572,5.8468,c9af83c63df7b8c8f170d9b50fe6a94e,1e3bb71dddb2aeb156c205648faebc15552ddf33c3004c0d69e3bfa0b9377ca1,MIPS,EXEC,SYSTEMV,1,LSB,4207024,12,2,0,True,True,True,True,5,0,1,103,120,0.8583,233,0,1,10,0,34,1,12,5,0.674071,5.8866,3.0692,0,1361,1,1.1539,0.0,990,8.48,35,0,0,0,1
erlexec,48944,5.4398,dc5307cd51b9eb9b70f606858eb5bb4a,c00b7b68ba7870ab8be7f8876f0915e29bdc25238ff740cd07db575621cc447c,MIPS,EXEC,SYSTEMV,1,LSB,4205648,12,2,0,True,True,True,True,4,0,1,55,3,18.3333,64,0,1,5,0,33,1,11,4,0.588428,5.7776,2.8737,0,0,0,2.4224,0.0,368,7.71,51,0,0,0,0
escript,31760,5.4412,4033592d94a896e241e57060a7e104f0,52a717649b49f7de29df79939cc9e21d7935217084e34cd18d1dedd1b8fe677a,MIPS,EXEC,SYSTEMV,1,LSB,4199520,12,2,0,True,True,True,True,4,0,1,38,2,19.0,46,0,1,2,0,33,1,11,4,0.616625,5.7494,2.7991,0,1321,1,1.8898,0.0,205,7.16,32,0,0,0,0
etherwake,11320,4.5228,49504ae7196528e85ba21ba6bb7e1c54,b0ef770166a23eb523a3c2a5056dafb20af160641e7e338223fc6e91024b63b2,MIPS,EXEC,SYSTEMV,1,LSB,4198624,10,2,0,True,True,True,False,2,0,0,24,2,12.0,32,0,1,3,0,33,1,12,4,0.227562,5.7299,2.5912,0,692,1,3.7086,0.0,260,7.67,36,1,1,1,0
ethtool,107292,5.9497,d5bb3d8985a9653d50378983687325c5,c661466af6167a7945ff67cc7ac8a7269d4c892f54cb196d9a910b6b6a427b3d,MIPS,EXEC,SYSTEMV,1,LSB,4198896,10,2,0,True,True,True,False,3,0,0,53,2,26.5,61,0,1,1,0,32,1,11,4,0.587108,5.8735,2.5201,0,1283,1,1.0135,0.0,2342,8.16,129,0,0,0,0
exfatattrib,45944,5.7214,001495405cf70eeb40ad72b9649914c0,381e429de1bbda24ef4d86c4004c56e622c8b267c7657cdbcfca706d826ef688,MIPS,EXEC,SYSTEMV,1,LSB,4198608,10,2,0,True,True,True,False,2,0,0,48,2,24.0,58,0,1,0,0,33,1,12,4,0.681525,5.8953,2.5166,0,1321,1,1.3863,0.0,696,6.09,17,0,0,0,0
exfatfsck,46088,5.7589,05ea9be59c0bcf9a17ae56b742f2e977,05065973da639950f58366017b8048970eef62f9c8e7ec748dab42b2c0a603b3,MIPS,EXEC,SYSTEMV,1,LSB,4198176,10,2,0,True,True,True,False,2,0,0,48,2,24.0,57,0,1,0,0,33,1,12,4,0.695018,5.9066,2.5433,0,1321,1,1.3177,0.0,680,6.07,17,0,0,0,0
exfatlabel,43944,5.7203,3ae6ac1548c9afad93f0a499d41bb637,a21f1d4821f54ca96ac61f1902f16ef25100d2dd1287237de50adc936bc5af4b,MIPS,EXEC,SYSTEMV,1,LSB,4197856,10,2,0,True,True,True,False,2,0,0,47,2,23.5,55,0,1,0,0,33,1,12,4,0.696523,5.8838,2.5135,0,1321,1,1.2407,0.0,632,6.08,17,0,0,0,0
exiv2,551804,6.1082,0468ea6712f5afabced35275d97fbc55,7c83b84000e694792d72d585f6128d9236d256de5a9764ddf156898a67a0310b,MIPS,EXEC,SYSTEMV,1,LSB,4277984,11,2,0,True,True,True,False,5,0,2,297,557,0.5332,963,0,1,8,0,37,1,14,5,0.625555,5.8664,3.2343,0,1482,1,0.7749,0.0,3176,21.84,243,0,1,3,386
expand-coreutils,44052,5.4641,ea2f1820f692941949f5a858477bd3d9,5ebcd3069ffa9e3cc1efdcda400ad6e3496de87dc0ffac6f402cc84c42eac160,MIPS,EXEC,SYSTEMV,1,LSB,4200816,10,2,0,True,True,True,False,2,0,0,63,4,15.75,80,0,1,2,0,34,1,13,5,0.602924,5.6411,2.5757,0,1361,1,1.4834,0.0,403,7.65,39,0,4,4,0
expect,5576,4.3673,be7428ffd794dc0d56242097338b8308,7748824e92fa574bc41985a347ce3ee487ebf134b1ace436cd53566c80c5c6b3,MIPS,EXEC,SYSTEMV,1,LSB,4197072,10,2,0,True,True,True,False,6,0,2,15,6,2.5,36,0,1,0,0,32,1,11,5,0.175036,5.3334,2.4496,0,1280,1,1.5716,0.0,81,9.95,30,0,0,0,0
expr-coreutils,45860,5.509,5e790e30b5f37a1c1b9581f549ac1e82,06c1f5b5932c530fed2ac96e388d02aec275aa6d46e76d7a295c1588bcf0b8d9,MIPS,EXEC,SYSTEMV,1,LSB,4200400,10,2,0,True,True,True,False,2,0,1,65,4,16.25,82,0,1,2,0,34,1,13,5,0.593807,5.6434,2.5771,0,1361,1,1.4103,0.0,515,7.31,39,0,4,4,0
ext4magic,204328,5.8335,a94304d401f4bfacff1edef2fdc6f4bf,57a3ccf9b284e8450fcb610308c933c16519d0a5a62a76e63513912ed1aad185,MIPS,EXEC,SYSTEMV,1,LSB,4209408,10,2,0,True,True,True,False,10,0,8,132,2,66.0,142,0,1,5,0,33,1,12,4,0.753768,6.1102,2.7431,0,1321,1,1.2565,0.0,1942,7.23,278,0,0,0,0
f58362ce9c3dc28f3856740801a2c85acd5b34fae3931616d278ac50c0801f44,23336,5.1013,d2b3a154855db4c42611a4ee019c52e9,f58362ce9c3dc28f3856740801a2c85acd5b34fae3931616d278ac50c0801f44,MIPS,EXEC,SYSTEMV,0,MSB,4197568,8,2,2,True,True,True,False,2,0,0,46,3,15.3333,71,0,1,3,0,28,1,11,4,0.621186,5.3446,2.4802,0,524,1,1.5442,0.0,247,6.94,23,0,0,0,0
f5c0683d4582cc79c6f7ca8010644af7969aef5a4f63c067c6cbab5c9d56dee6,4872,4.1549,abda792bb272f83c9044c435398e4ab2,f5c0683d4582cc79c6f7ca8010644af7969aef5a4f63c067c6cbab5c9d56dee6,MIPS,EXEC,SYSTEMV,0,MSB,4196288,8,2,2,True,True,True,False,7,0,5,13,3,4.3333,30,0,1,0,0,26,1,10,4,0.200328,4.7498,2.1679,0,1043,1,1.4941,0.0,61,10.18,24,0,0,0,0
f735656aed008ded76d2516b974d0b99d04986b7e58aec0bbea8e80b4b74034f,313272,6.0096,f957a6e4d3b28b502d72e6bda19dc270,f735656aed008ded76d2516b974d0b99d04986b7e58aec0bbea8e80b4b74034f,MIPS,EXEC,SYSTEMV,0,MSB,4207936,8,2,2,True,True,True,False,2,0,0,79,231,0.342,333,0,1,14,0,30,1,13,4,0.731939,6.5564,2.7912,0,1203,1,0.9273,0.0253,3214,9.46,162,1,12,22,8
f779de5be73d04cf614c2b549a20bdebb82b05882c55e5a165b955973c73167c,150724,5.688,c95a4bab4d9f561aa83c05b420364fb5,f779de5be73d04cf614c2b549a20bdebb82b05882c55e5a165b955973c73167c,MIPS,EXEC,SYSTEMV,0,MSB,4204640,8,2,2,True,True,True,False,2,0,0,64,138,0.4638,241,0,1,9,0,28,1,11,4,0.791911,5.7466,2.7124,0,0,0,0.9635,0.0,887,10.05,64,0,0,0,0
fa0c2e7883d1920d656b83ba2ac088a093d991db33e02baebfb16fbecf65d89f,134392,4.8514,afa6e3763a453ae5fb57a405d72beff9,fa0c2e7883d1920d656b83ba2ac088a093d991db33e02baebfb16fbecf65d89f,MIPS,EXEC,SYSTEMV,0,MSB,4203152,8,2,2,True,True,True,False,2,0,0,112,78,1.4359,229,0,1,12,0,27,1,10,4,0.692422,5.011,2.5892,0,0,0,0.9472,0.0,1914,7.73,99,4,0,3,0
fa5e9666bb15b4acc784da38929e6179b1ed1e281e40b7866b7bf86563e49d0c,65452,5.673,aa72eb00851e9eb923362ded2cebffb7,fa5e9666bb15b4acc784da38929e6179b1ed1e281e40b7866b7bf86563e49d0c,MIPS,EXEC,SYSTEMV,0,MSB,4201456,8,2,2,True,True,True,False,2,0,0,94,53,1.7736,182,0,1,14,0,29,1,12,4,0.611624,5.5322,2.7163,0,0,0,1.0292,0.0078,1136,7.97,32,0,0,0,0
factor-coreutils,59828,5.8652,7b0aea6e70ae5e23562170cb2ffdc062,2f46163c26d4b33d8edd0db7e906d77315a1199369489540902755a64b5bac10,MIPS,EXEC,SYSTEMV,1,LSB,4201392,10,2,0,True,True,True,False,2,0,1,83,4,20.75,100,0,1,2,0,34,1,13,5,0.566156,6.8971,2.6336,0,0,0,1.9106,0.0043,422,7.86,39,0,4,4,0
fakeidentd,10680,5.0378,1e397ab04095696df4349657affb63c0,7467c34fdbb66c9487b13b151dba6ef62824991efa7b78811e020dd46b6b44a5,MIPS,EXEC,SYSTEMV,1,LSB,4200384,10,2,0,True,True,True,False,2,0,0,43,2,21.5,48,0,1,13,0,31,1,10,4,0.407491,5.5685,2.4639,0,1104,1,1.8688,0.0,134,7.73,62,1,0,0,1
false-coreutils,29716,5.2389,c246dfe93187bc55a3bdde8993c46dc0,1f718ac6290642fc2e77b43cbf91dc53bfa2f91439af2cd976999d2f8c8e603c,MIPS,EXEC,SYSTEMV,1,LSB,4199008,10,2,0,True,True,True,False,1,0,0,44,3,14.6667,59,0,1,1,0,34,1,13,5,0.529816,5.5861,2.5581,0,1361,1,1.6653,0.0,282,7.84,39,0,4,4,0
far2l,3978032,6.095,d0b3b8d938211d713a6de839b0979274,b2c46eae223d4d5f89ecf963099334c05c5f9a034da8676094a0b859f31b3bde,MIPS,EXEC,SYSTEMV,1,LSB,4317664,11,2,0,True,True,True,False,7,0,2,370,391,0.9463,814,0,1,35,0,37,1,14,5,0.712694,6.3695,3.475,0,0,0,1.5451,0.0012,10881,31.28,1582,0,0,3,260
fastd,160952,5.9008,71e11a8b6ef5e6555f7ce29be7dab737,54b97caa270185d752e96646ff7becc868f482a9ece7a6a4183a860591247238,MIPS,EXEC,SYSTEMV,1,LSB,4205824,10,2,0,True,True,True,False,6,0,3,150,2,75.0,157,0,1,18,0,33,1,12,5,0.718724,5.8787,2.4975,0,1323,1,1.0052,0.0016,2120,7.25,106,0,0,1,2
fatlabel,41208,5.8303,26e1904bcbc96a6e04464a29b345e4ff,5b5ded1124e4ccb0fa7a74a9cd0c34b76dac8e22f7086e1540572fcb46ebea15,MIPS,EXEC,SYSTEMV,1,LSB,4199968,10,2,0,True,True,True,False,3,0,1,56,2,28.0,66,0,1,0,0,33,1,12,4,0.574257,5.8598,2.5501,0,1321,1,1.1608,0.0,949,6.49,92,0,0,0,0
fd,2771788,6.0854,ed54abaeeccde589ada3272e90a09ff1,1aab8095b205c97901e3458458f855673933dba1402c59cdd7b5e5fba7153295,MIPS,EXEC,SYSTEMV,1,LSB,4261280,11,2,0,True,True,True,False,5,0,0,154,5,30.8,168,0,1,18,0,38,1,15,5,0.755642,6.0418,3.1388,0,0,0,0.5686,0.0057,15498,10.17,4463,6,2,6,208
fdisk,165408,5.7581,2881711eb81dcd9b6ddf73052a97b628,4ef2e46914fe3dd1f0e149ff757547b9ed801c54872789b6af9b8e6ca3922ce2,MIPS,EXEC,SYSTEMV,1,LSB,4220832,10,2,0,True,True,True,False,6,0,3,333,103,3.233,447,0,1,9,0,34,1,13,5,0.632714,5.7503,2.8333,0,1362,1,1.2913,0.0,2000,8.89,79,0,0,3,0
fetchmail,270356,6.0525,a83de5e130c31a71910ba1077478e942,dad5d634c6099a6fa8341c985ef0370158473d5bbc4b76840657bb958c1c35eb,MIPS,EXEC,SYSTEMV,1,LSB,4218320,10,2,0,True,True,True,False,5,0,3,217,2,108.5,227,0,1,15,0,34,1,13,5,0.632647,5.8924,2.6933,0,0,0,1.1837,0.0,4745,7.34,157,1,2,2,7
fetchmail.36b8aa6b,242692,6.0837,a9bfb8bea90df45a17037acc3ee6adb1,36b8aa6be84a12f54bcbcd12d094396642363381f08a47c255a3a369753cd63a,MIPS,EXEC,SYSTEMV,1,LSB,4213856,10,2,0,True,True,True,False,3,0,1,145,2,72.5,155,0,1,14,0,34,1,13,5,0.644175,5.9211,2.6427,0,0,0,1.1461,0.0,3974,7.17,157,1,1,1,7
fghack,15224,4.8537,525e5f6b2d60ef7ab3920861c7420fc9,5c3f55a2068a579d0b53e7a06c981eacbaf31fa67c57c819ed6f45b57f694835,MIPS,EXEC,SYSTEMV,1,LSB,4196688,10,2,0,True,True,True,False,2,0,0,16,2,8.0,24,0,1,2,0,33,1,12,4,0.449816,5.4139,2.3716,0,284,1,2.152,0.0,336,6.35,17,0,0,0,0
fibmap.f2fs,6700,4.7299,afb1dfc544508728977503df0d9bf8c0,319ed9803361eca4fec04f45d22235cf20643cd98aeaff660703b84dd3804037,MIPS,EXEC,SYSTEMV,1,LSB,4197168,10,2,0,True,True,True,False,2,0,0,17,2,8.5,23,0,1,0,0,32,1,11,4,0.277015,5.4948,2.4001,0,1283,1,1.8304,0.0,102,8.91,44,0,0,0,0
fmt,50004,5.5588,cf6deec257b3d01df88885115b032c6b,c7b66b95064e686b4fde86b0006d1a6c176d67f1db7e962f347ef2d22eadb2d5,MIPS,EXEC,SYSTEMV,1,LSB,4201312,10,2,0,True,True,True,False,1,0,0,64,3,21.3333,80,0,1,2,0,34,1,13,5,0.639629,5.7175,2.5931,0,0,0,1.4345,0.0,408,7.85,39,0,4,4,0
foomatic-rip,104776,5.3045,ad030723cfdca62bcedf49ce8393609f,8323b59ae383e4751a3e3b97c3968ac2e21692090c817017d336caf6c90da373,MIPS,EXEC,SYSTEMV,1,LSB,4204400,10,2,0,True,True,True,False,16,0,11,101,3,33.6667,110,0,1,8,0,33,1,12,4,0.59632,5.795,2.5484,0,0,0,3.2434,0.0,1442,7.64,116,0,0,1,0
fsck.exfat,63340,6.0247,26dc02c003031dc16de11a3e7847f20e,b26270c26b2ba32d2928cf54c92601187ec4ff6c613d2ff290213ec5054a7971,MIPS,EXEC,SYSTEMV,1,LSB,4209664,10,2,0,True,True,True,False,2,0,0,48,2,24.0,58,0,1,0,0,32,1,11,4,0.647932,6.4108,2.5768,0,0,0,1.0804,0.0,798,6.88,191,0,0,0,0
fsck.f2fs,216504,6.0817,9ddb62a63f4f3d60f6c8dce4309d200c,87e32624ed27d6b520767191c03424d08e92be932c4ac99f8a4474c2919f4a5a,MIPS,EXEC,SYSTEMV,1,LSB,4205184,10,2,0,True,True,True,False,4,0,2,123,2,61.5,134,0,1,1,0,33,1,12,4,0.736134,5.9156,2.5854,0,1321,1,0.728,0.0,3481,8.11,64,0,0,0,1
fsck.fat,74692,5.7844,b0cf76e7ec91a7ef3eff1e04ea03b195,3fe7978b725e18aec3a791a36c38d971de29c16ab138f7d6743a364c0e8adf52,MIPS,EXEC,SYSTEMV,1,LSB,4200640,10,2,0,True,True,True,False,3,0,1,63,2,31.5,73,0,1,0,0,34,1,13,5,0.625502,5.8619,2.5484,0,1361,1,1.5545,0.0,1638,6.34,92,0,0,0,1
ftppr,58896,5.8196,e7506af99447ce88f4527b2bac3cf4ea,097e94539920a7910ea90724c61b27b60e69797eff8bc0a38b216543ec50a3c5,MIPS,EXEC,SYSTEMV,1,LSB,4206224,10,2,0,True,True,True,False,4,0,0,77,39,1.9744,135,0,1,11,0,32,1,11,5,0.718555,5.8791,2.7194,0,1280,1,1.2158,0.0,497,7.85,37,0,1,1,0
gdbhelper,9988,3.2416,1bd84afccb95c100885525e5d77f7406,126f074e94002bf1567cfe52add7c0a79e46019fed2b26269c88cef28f4db16c,MIPS,DYN,SYSTEMV,0,LSB,3200,11,2,0,True,True,True,True,3,0,2,18,6,3.0,37,0,1,3,0,30,1,11,4,0.147377,5.4336,2.5021,0,1201,1,3.915,0.0,114,8.3,25,0,0,1,0
getfattr,16672,5.3304,205ee41b6831f248ac84002226c38b92,3fa2918b84abdd31fe68a362ed093834db9ca30557541b61971df90f9eeecc8c,MIPS,EXEC,SYSTEMV,1,LSB,4198144,10,2,0,True,True,True,False,3,0,1,38,2,19.0,47,0,1,1,0,34,1,13,5,0.495202,5.6861,2.6353,0,1361,1,1.6433,0.0,242,7.62,64,0,0,0,1
gprof,114928,5.9497,515058b68342fa80d952bd955e065d3d,0b1e01e86471a20dccaf4cc05f5d87f75ad4bb68bf9705c76b09468697702278,MIPS,EXEC,SYSTEMV,1,LSB,4207216,10,2,0,True,True,True,False,8,0,4,88,68,1.2941,213,0,1,2,0,34,1,13,5,0.681052,5.8288,2.8062,0,756,1,0.8348,0.0,1910,7.7,187,0,1,1,0
gstoraster,66568,5.6586,8ea51643dcd27048116b8040c2e7e2c8,86faa9b87f3b6421673e58f24d792c8e3a5473ce16bf9d7d3194a0d86a99cea4,MIPS,EXEC,SYSTEMV,1,LSB,4215040,11,2,0,True,True,True,False,18,0,13,135,12,11.25,164,0,1,5,0,36,1,13,4,0.629492,5.4541,2.7964,0,1442,1,1.0052,0.0,669,12.07,83,0,0,0,37
gziptoany,6108,4.5829,40d32638e7e4d05e0a2dea9f93f50dba,e8a51c5b9e7fdf7f2b66b5e53308826a415b8064fc0a47c0c848fc751a1d9424,MIPS,DYN,SYSTEMV,0,LSB,3120,10,2,0,True,True,True,False,13,0,9,19,5,3.8,30,0,1,1,0,30,1,11,4,0.2148,5.484,2.5047,0,1201,1,1.8049,0.0,100,9.42,20,0,0,0,0
hciattach,44284,5.8323,9c38336666b04b2a1e4dea8c16dd6e15,0c4910444e7737b80c4c9f78314bf42674be9ecfbf4b375a9268109cac466177,MIPS,EXEC,SYSTEMV,1,LSB,4200448,9,2,0,True,True,True,False,2,0,0,63,4,15.75,74,0,1,4,0,30,1,9,5,0.642038,5.9191,2.7801,0,0,0,1.5607,0.0,803,6.68,49,0,0,0,0
hciconfig,164604,6.1264,306ca9ebff13c008780d9347f121af3c,37744ee3ce80cd33bfa14fe9615de24558370474963783c52a7edee033b18b91,MIPS,EXEC,SYSTEMV,1,LSB,4198432,9,2,0,True,True,True,False,2,0,0,45,8,5.625,58,0,1,2,0,31,1,10,5,0.51887,5.8058,2.897,0,1241,1,0.4191,0.0,7675,6.77,36,0,0,0,0
hcidump,403960,6.2135,5ae94b3cf3644261a744ac831bde2ea4,623f01178b1cc43b72eb7570f2690abce9d6bb095c3a5cdeaadea98cd9dc5c87,MIPS,EXEC,SYSTEMV,1,LSB,4199792,9,2,0,True,True,True,False,2,0,0,44,2,22.0,53,0,1,3,0,31,1,10,5,0.708506,5.9339,2.7363,0,0,0,0.3404,0.0,11176,6.8,40,0,0,0,0
hcitool,176816,6.1359,2343f5e0a1f1160d33bb61b290c19bda,57bc67e25f54039bd7e9a32ac2660344d0260dc4d447fba463560ee48a8f3254,MIPS,EXEC,SYSTEMV,1,LSB,4198288,9,2,0,True,True,True,False,2,0,0,47,13,3.6154,67,0,1,2,0,31,1,10,5,0.541489,5.8262,2.8965,0,1241,1,0.5835,0.0,7893,6.8,38,0,0,0,0
head-coreutils,51236,5.4915,82b07ebb9827aceb2458db1b6fb19ec4,ebb7d2028b907a8311e343873c4f6b4245f03e3aa9b2961beea301be32ad8d27,MIPS,EXEC,SYSTEMV,1,LSB,4204544,10,2,0,True,True,True,False,2,0,0,64,4,16.0,80,0,1,2,0,34,1,13,5,0.621438,5.7085,2.5882,0,1361,1,1.6891,0.0,437,7.55,39,0,4,4,0
heart,14384,4.1221,93af5285ae7949c38dd087b334d2cdb4,a3e07bf631daf63782ad2221f321444a2c52e23c27af3c6a77d500b87f27df9f,MIPS,EXEC,SYSTEMV,1,LSB,4197856,12,2,0,True,True,True,True,4,0,1,27,2,13.5,34,0,1,3,0,33,1,11,4,0.269188,5.6623,2.6477,0,0,0,4.3295,0.0,164,7.8,22,0,0,1,0
help.cgi,62372,5.8442,1259ffd7aaf35bf4672088720807eec9,c4e50aff45b2e1347fa13d3bea6c393aaaf0640f3c09c702e493f364a816c39f,MIPS,DYN,SYSTEMV,0,LSB,10848,10,2,0,True,True,True,False,13,0,9,116,38,3.0526,162,0,1,2,0,31,1,12,4,0.674918,5.8361,2.7267,0,1240,1,1.2128,0.0,733,9.2,41,1,0,0,0
hex2hcd,9112,5.098,92af6aa677af38f2bc6ace92845fcaf3,1a06ecbf5a53084a7dcf888786e5cc13f7589f41b5ce5d53e0f80da98856bc0c,MIPS,EXEC,SYSTEMV,1,LSB,4198832,9,2,0,True,True,True,False,2,0,0,32,2,16.0,40,0,1,0,0,28,1,8,4,0.351185,5.6109,2.7126,0,1120,1,1.8053,0.0,183,6.92,35,0,0,0,0
host,94240,6.1549,4829dab45d1754ca7ffbd886664eec53,a1906a3b65d5b086e2b6006732d5ef99fc58e3c5d86b63d771297c1bccc3572e,MIPS,EXEC,SYSTEMV,1,LSB,4210144,9,2,0,True,True,True,False,4,0,3,206,42,4.9048,325,0,1,6,0,31,1,10,5,0.63039,6.1071,3.0099,0,0,0,1.0502,0.0,1516,9.66,108,1,0,0,0
hostid-coreutils,34820,5.3515,f2017058aeb7af649fc9c0ab002ff013,dbc014d11b72a2c0ad01c8c7975c9fcf9b01499fddd3e0714859fc1520df7de1,MIPS,EXEC,SYSTEMV,1,LSB,4199312,10,2,0,True,True,True,False,1,0,0,50,3,16.6667,65,0,1,2,0,34,1,13,5,0.57714,5.6052,2.5662,0,1361,1,1.5489,0.0,321,7.64,39,0,4,4,0
htcacheclean,29668,5.9112,c0fc11e676336c911b3019d6bc0b1477,2317314b72996a39088df3d44f8f9ca3441b876468b69143f2ee4d7dee7a04e5,MIPS,EXEC,SYSTEMV,1,LSB,4205984,10,2,0,True,True,True,False,9,0,4,60,2,30.0,65,0,1,3,0,32,1,11,5,0.598085,5.9633,2.5243,0,1280,1,1.3333,0.0,533,7.36,74,0,1,2,1
htdbm,16100,5.4067,3c2efbceb99bba248fd961fd5cec13c6,29516a8b13eea6e9e20de7be301512d1fe84a3a04a61264887011e5c8909e9fc,MIPS,EXEC,SYSTEMV,1,LSB,4200688,10,2,0,True,True,True,False,9,0,4,51,2,25.5,58,0,1,1,0,34,1,13,5,0.342857,5.62,2.4873,0,1361,1,1.5559,0.0,378,8.28,74,0,0,0,1
htdigest,8532,5.0327,b387c9cba6424445fc354dba33f1dcb1,0a7f1e37a4d3953b4d66d6fefa54cfc7d5a3bf8bf9d0be739629b0be85e7d9f4,MIPS,EXEC,SYSTEMV,1,LSB,4198176,10,2,0,True,True,True,False,9,0,4,27,2,13.5,32,0,1,1,0,33,1,12,5,0.300047,5.807,2.4843,0,1322,1,2.101,0.0,149,8.75,74,0,0,0,0
htpasswd,15460,5.452,40d0720bd364727d79d8a10dd00c1514,596e745ace88d9f20f21820d685c2cf86355345aaf66b16224cb5ec0b808fdec,MIPS,EXEC,SYSTEMV,1,LSB,4200240,10,2,0,True,True,True,False,9,0,4,45,2,22.5,50,0,1,0,0,33,1,12,5,0.351876,5.6087,2.4718,0,1322,1,1.6648,0.0,407,7.78,74,0,0,0,1
httxt2dbm,8516,5.1708,4e5566b22db01650485866ca4f1fff61,29e3b0c69d6c8b26d6bd0fa46445ffae26eccaded14d6f19c529e38ae4eb626c,MIPS,EXEC,SYSTEMV,1,LSB,4197936,10,2,0,True,True,True,False,9,0,4,22,2,11.0,27,0,1,0,0,32,1,11,5,0.296853,5.7117,2.4819,0,1280,1,1.7929,0.0,186,8.16,74,0,0,0,0
id-coreutils,44740,5.4597,0c805d0016438f1ba86361218a5a755d,194564470da8fbcb6f056385abd2d94e2cb19eee967bf2c69d0b7ad3c568e4ae,MIPS,EXEC,SYSTEMV,1,LSB,4201408,10,2,0,True,True,True,False,2,0,0,64,4,16.0,80,0,1,2,0,34,1,13,5,0.599374,5.608,2.5833,0,1361,1,1.387,0.0,429,7.5,39,0,4,4,0
iecset,13916,5.3328,1f8de9cbd7c95d33d57b66cbf0a95357,0f917bd1b41edf224a4feb88e53b7565062ecd4e532dde388a0a7a924e3e68e6,MIPS,EXEC,SYSTEMV,1,LSB,4199904,10,2,0,True,True,True,False,7,0,2,32,2,16.0,41,0,1,0,0,32,1,11,4,0.387468,5.589,2.4833,0,1283,1,1.4825,0.0,306,8.3,47,0,0,0,0
imagetopdf,41484,5.9388,7a0fecc1c4083355fdadecc9e3921509,3d0daee3a8fb7b0babf18aa89953cd21c23f6cd06fde8a6ef9b38718cdb4b6e1,MIPS,EXEC,SYSTEMV,1,LSB,4215712,10,2,0,True,True,True,False,16,0,11,87,2,43.5,95,0,1,2,0,32,1,11,4,0.637161,5.886,2.5857,0,848,1,1.3361,0.0,665,7.92,36,0,0,0,0
imagetoraster,61244,5.9338,57e91bc7dac3f350e91222de43cd8dba,ecd80ff9dbfb254a899bd3af30c006aa123e6c09ecc004142ab04c30e0e4de35,MIPS,EXEC,SYSTEMV,1,LSB,4226816,10,2,0,True,True,True,False,16,0,11,83,2,41.5,91,0,1,3,0,32,1,11,4,0.745085,6.0118,2.5766,0,1283,1,1.0892,0.0,677,7.38,34,0,0,0,0
imap,284388,5.9108,8775c05d5ea07d6daf05787843ede877,fe8b07f1d7f1db45132747f09101d8398ffd1c1f1659eb450aef9b8cdb31eaac,MIPS,DYN,SYSTEMV,0,LSB,38976,11,2,0,True,True,True,True,5,0,3,489,218,2.2431,746,0,1,28,0,32,1,13,4,0.668833,5.8179,2.8944,0,1282,1,1.0662,0.0,3187,11.52,48,0,0,0,0
imap-hibernate,36716,5.0113,c42a86f55485835bf4ec7e886cecadd3,3296166f0cbacefd0636be67c872ad35bac2acd14c195d1666a5e29585781f4a,MIPS,DYN,SYSTEMV,0,LSB,8880,11,2,0,True,True,True,True,3,0,2,125,20,6.25,167,0,1,22,0,31,1,12,4,0.420525,5.7742,2.5848,0,1240,1,3.2404,0.0,457,11.49,45,0,0,0,0
imap-login,37052,5.2314,ef7c62eaa1e437c8bbf0a731bd30a644,97041b9ef9d714a9a884f690c75eeb826433559d50be1de5a2c19a95bccdf83f,MIPS,DYN,SYSTEMV,0,LSB,8432,11,2,0,True,True,True,True,4,0,3,110,24,4.5833,154,0,1,7,0,31,1,12,4,0.468531,5.7146,2.7217,0,1240,1,2.5827,0.0,433,11.16,36,0,0,0,0
imap-urlauth,23408,4.7522,7c3d90f25bf6c9712d4d35652bc08877,dc7dcc96fb772cb322386749d77b15de186971512d21c682a7a55450576d5666,MIPS,DYN,SYSTEMV,0,LSB,7344,11,2,0,True,True,True,True,3,0,2,84,12,7.0,119,0,1,11,0,32,1,13,4,0.330144,5.6759,2.6484,0,1282,1,3.3064,0.0,339,10.61,42,0,0,0,0
imap-urlauth-login,10708,4.5884,8cd4f309189f070e7f078d72b628dd46,ab4c5ce03c6f5d9bce99a73b293c3005ec0620b979b917d8eed56ac6d3a2a894,MIPS,DYN,SYSTEMV,0,LSB,4000,11,2,0,True,True,True,True,4,0,3,40,6,6.6667,66,0,1,5,0,31,1,12,4,0.22712,5.4836,2.5688,0,1240,1,2.1176,0.0,167,10.41,38,0,0,0,0
imap-urlauth-worker,53464,5.4922,1b8eb3e861d0279deaf1358833af3f56,12ae8bc1e881f617d352e686ade152ee53ba40cd6597f28e6e493455375a3549,MIPS,DYN,SYSTEMV,0,LSB,11328,11,2,0,True,True,True,True,4,0,3,149,25,5.96,201,0,1,13,0,32,1,13,4,0.498578,5.7471,2.6685,0,1282,1,2.3568,0.0,863,10.71,43,0,0,0,0
implicitclass,12060,5.2358,36b9cf3b308934df8d2e2dc69d8d3466,039d39b166941574a4b2631f417bc444505cc06e75b43f9c74c7aed2ec752c8d,MIPS,EXEC,SYSTEMV,1,LSB,4201008,10,2,0,True,True,True,False,16,0,11,54,2,27.0,61,0,1,4,0,32,1,11,4,0.289221,5.7142,2.4991,0,1283,1,1.9487,0.0,262,8.69,33,0,0,0,0
indexer,24368,4.8715,99088f63f21c7ee453fe7493d945c4d6,609eb6200cbd3916704e80a18d57adb359dff9df0538ce7d4b286633e0b89b85,MIPS,DYN,SYSTEMV,0,LSB,7008,11,2,0,True,True,True,True,3,0,2,60,37,1.6216,113,0,1,13,0,31,1,12,4,0.392646,5.5985,2.6405,0,1240,1,2.8803,0.0,240,14.15,42,0,0,0,0
indexer-worker,18892,4.7046,333385478bbb74fd2f2a874def5d60fb,5b3e67717d704cc623ea17a35308a19ea0cd23e338991999a028bf60efbde007,MIPS,DYN,SYSTEMV,0,LSB,6192,11,2,0,True,True,True,True,4,0,3,75,8,9.375,99,0,1,9,0,31,1,12,4,0.325217,5.5709,2.5982,0,1240,1,3.0634,0.0,261,11.42,42,0,0,0,0
inet_gethost,53168,5.5765,322ea32790f5fd09e3373800d57e96bd,e6c0002e69320208647d665aeb5790a222ad9ecc3f4269e871448feae7c2fd1c,MIPS,EXEC,SYSTEMV,1,LSB,4198960,12,2,0,True,True,True,True,4,0,1,52,2,26.0,60,0,1,5,0,33,1,11,4,0.615709,5.8182,2.8473,0,1321,1,2.0996,0.0,458,7.26,32,0,0,0,0
ipc,19308,4.9105,2f1fed5ad6df1baff9b715e12b06bf62,48e292b4abed2c28705c8d19dbe11bcc347f5fbe14a33adc81ed1c4f612ee738,MIPS,DYN,SYSTEMV,0,LSB,5344,11,2,0,True,True,True,True,3,0,2,50,22,2.2727,88,0,1,5,0,30,1,11,4,0.406878,5.5509,2.6941,0,1201,1,2.7428,0.0,236,11.03,42,0,0,0,0
ipp,74436,5.9879,73c6e7c1b080fc788d47fb61572beb83,ad8ef09c2bff8c4137cf331bd3577aca9cbef2edd2172714e312e7aa2f87b7c8,MIPS,DYN,SYSTEMV,0,LSB,27808,10,2,0,True,True,True,False,13,0,9,156,12,13.0,174,0,1,3,0,31,1,12,4,0.617981,5.9004,2.7214,0,0,0,1.158,0.0,1086,10.93,79,0,0,0,0
ippfind,34636,5.6917,ddaac4da54fdc621e9e648439e9dbd09,d2487c5a4039876d85b0ba302fff3cb73479d814cc573a2d5803fea8ea153f2a,MIPS,DYN,SYSTEMV,0,LSB,12704,10,2,0,True,True,True,False,13,0,9,92,5,18.4,107,0,1,3,0,31,1,12,4,0.528467,5.7358,2.681,0,1240,1,1.2971,0.0,688,8.36,32,0,0,0,0
ipptool,93304,6.1363,4363df28a9b38c7afebbfe2e47bb824f,23f2fb3d8360dd1f130613c841958ad6270a78bc2de15a75485b1a51f0c44aaf,MIPS,DYN,SYSTEMV,0,LSB,11968,10,2,0,True,True,True,False,13,0,9,141,5,28.2,152,0,1,3,0,30,1,11,4,0.689874,5.9787,2.6352,0,1201,1,0.9239,0.0,1910,7.27,252,8,1,3,2
ivstools,17096,5.7094,cb05bc7de51eaa4ee8df84f32c74ba8e,e59b1ca3587cd172a9b054585736d8be26f925ae2f47dac1b9323086f36607ab,MIPS,EXEC,SYSTEMV,1,LSB,4204176,9,2,0,True,True,True,False,12,0,7,31,2,15.5,38,0,1,1,0,29,1,9,5,0.615817,5.991,2.8307,0,1160,1,1.3973,0.0,248,7.07,27,0,1,1,0
jobs.cgi,53160,5.6298,6cd6e3dfc73acddda5d547b1097ed01a,6c9227253a26dae393fa6a61928fcb3515345f1d3a3fe15342a65715acc5a3ff,MIPS,DYN,SYSTEMV,0,LSB,7584,10,2,0,True,True,True,False,13,0,9,103,36,2.8611,147,0,1,2,0,31,1,12,4,0.616403,5.8436,2.6477,0,1180,1,2.2453,0.0,594,9.71,41,1,0,0,0
kill-coreutils,39492,5.421,b4e576d45c38fbe84a7e7d80c8b6c870,d4a9943486a9c6181b26d8b09a9a087058e8564c1c4174eadc35b493185d1236,MIPS,EXEC,SYSTEMV,1,LSB,4201248,10,2,0,True,True,True,False,1,0,0,59,3,19.6667,74,0,1,4,0,34,1,13,5,0.568014,5.614,2.6155,0,1361,1,1.4925,0.0,433,7.69,112,0,4,4,1
kstats,9240,5.3182,82526ef4b4db20f0ec180c463fc20b2c,85469e97109432fd19a06fab1e754fec73ba076e4bc9533e94b2ef32c89d070c,MIPS,EXEC,SYSTEMV,1,LSB,4200592,9,2,0,True,True,True,False,8,0,3,18,2,9.0,24,0,1,0,0,28,1,8,4,0.531602,5.8881,2.6992,0,1120,1,1.9147,0.0,145,6.6,17,0,0,0,0
l2ping,9964,4.9838,f338edac91d4f20d7ab26e75c4a53671,68ed43cbe1009c0f179cf7513ba60222f00dc4405777df977438e4779b9237c5,MIPS,EXEC,SYSTEMV,1,LSB,4198944,9,2,0,True,True,True,False,2,0,0,38,4,9.5,48,0,1,5,0,30,1,9,5,0.351666,5.7241,2.8007,0,1202,1,2.1696,0.0,166,7.14,36,0,0,0,0
l2test,25004,5.7617,2f02a33a298cfb25532dabd82c4ab3f2,62b2c06f4fd7732c20dee1581e89bccf641e686fc9efbb2da9991584148d1b1b,MIPS,EXEC,SYSTEMV,1,LSB,4201360,9,2,0,True,True,True,False,2,0,0,54,4,13.5,63,0,1,8,0,30,1,9,5,0.548392,5.7763,2.8365,0,1202,1,1.2523,0.0,590,6.66,68,0,0,0,1
ld,2674276,5.5201,09a7bca04edca42191071b8dd5e07981,288fa0f490816ee43fbd89040083cc98d8aa2183a2ed6ec61ab52c1dc1557f39,MIPS,EXEC,SYSTEMV,1,LSB,4227024,10,2,0,True,True,True,False,8,0,5,262,270,0.9704,621,0,1,9,0,34,1,13,5,0.112419,5.9758,2.7955,0,1361,1,0.294,0.0,143899,10.59,281,0,1,1,362
lmtp,53888,5.574,b556e921806c8f66430c0a1c990052e2,075840fc7ba1c785dbfeeec72e9efe47e1d20087fcc7dae27f00193f3bf36b4f,MIPS,DYN,SYSTEMV,0,LSB,15456,11,2,0,True,True,True,True,5,0,4,204,31,6.5806,268,0,1,24,0,32,1,13,4,0.492577,5.802,2.7254,0,1282,1,1.8387,0.0,631,14.13,50,0,0,0,0
ln-coreutils,72100,5.5469,045781b7c0a5eb910c5542672918a471,5f8dfba2a91e9de97b028fb4fc4ce01f05972b0d60dbd0f1fcfda69a27784b9f,MIPS,EXEC,SYSTEMV,1,LSB,4203264,10,2,0,True,True,True,False,2,0,0,96,6,16.0,115,0,1,3,0,34,1,13,5,0.648877,5.6397,2.6252,0,1361,1,1.3118,0.0,696,7.58,62,0,4,5,1
log,23572,4.904,be984eea64adcb43cca537a2d658b033,ae1db99471c31168b681d796bcc3ae7416500a7a92929ea3b539b7eaadf20e34,MIPS,DYN,SYSTEMV,0,LSB,6896,11,2,0,True,True,True,True,3,0,2,85,16,5.3125,122,0,1,6,0,31,1,12,4,0.382827,5.6707,2.6476,0,1243,1,3.0865,0.0,295,10.9,42,0,0,0,0
logresolve,8180,4.9083,0526686849b78e83e8927839aa42ec41,704b998150219e58fee36d80561f7999ff8de0c57f06ccb8036e4179fe0afb17,MIPS,EXEC,SYSTEMV,1,LSB,4198768,10,2,0,True,True,True,False,9,0,4,32,2,16.0,37,0,1,0,0,32,1,11,5,0.271883,5.582,2.502,0,1280,1,1.857,0.0,126,10.07,74,0,0,0,0
lp,14884,5.4015,95ca84cf27908831e280b82c3f2518ac,f0cceaaad3254ef5ed855555d65642554a4c64a9e103e33186e9d2e49d87adf6,MIPS,DYN,SYSTEMV,0,LSB,8320,10,2,0,True,True,True,False,13,0,9,38,7,5.4286,52,0,1,0,0,30,1,11,4,0.452567,5.5502,2.5167,0,1201,1,1.5732,0.0,298,7.95,24,0,0,0,0
lpadmin,24668,5.6168,3a60116990263a8e97789c6746787235,512fdb2cba9fa09b95c2901de6905379c201238b527d9788cc2fb910c43b9c6b,MIPS,DYN,SYSTEMV,0,LSB,16544,10,2,0,True,True,True,False,13,0,9,65,5,13.0,77,0,1,1,0,31,1,12,4,0.548727,5.5959,2.5196,0,1240,1,1.3283,0.0,485,8.25,28,0,0,0,0
lpc,9028,5.0025,57bf077d75bcaee14778f42f63782fd6,a6ada9d433058d8e1c689810bb6fad54c6d1d0a8af7b6a928aef9640049a51d1,MIPS,DYN,SYSTEMV,0,LSB,3440,10,2,0,True,True,True,False,13,0,9,24,5,4.8,36,0,1,0,0,30,1,11,4,0.379265,5.5487,2.5811,0,1201,1,1.7938,0.0,138,9.07,25,0,0,0,0
lpd,44116,5.8067,860dcb9a1d6f52ccca711c915ac7acda,e7d680bb00398f68659d2f8f99e58782b8880d9819556c6d0d289e0afba51a85,MIPS,DYN,SYSTEMV,0,LSB,10272,10,2,0,True,True,True,False,13,0,9,92,12,7.6667,110,0,1,7,0,31,1,12,4,0.58319,5.965,2.7053,0,0,0,1.7495,0.0,669,9.02,35,0,0,0,0
lpinfo,9680,5.2367,7993031fe3d13d160a9b001ce3e59f7e,bb217840adba3c47e1926cc85baaa3962b7a5882118063b6423a1e995ed264fa,MIPS,DYN,SYSTEMV,0,LSB,5264,10,2,0,True,True,True,False,13,0,9,20,5,4.0,31,0,1,0,0,30,1,11,4,0.378512,5.6229,2.4781,0,1201,1,1.6868,0.0,174,9.61,20,0,0,0,0
lpmove,7944,4.808,2461fa5655c89488c2de3f7c742714f9,17107581f91c167ec8147c163dfcae278a1767e1a04e0d5b48e5c07356c701cd,MIPS,DYN,SYSTEMV,0,LSB,3904,10,2,0,True,True,True,False,13,0,9,29,5,5.8,41,0,1,0,0,30,1,11,4,0.29003,5.5002,2.5007,0,1201,1,2.0643,0.0,122,9.79,23,0,0,0,0
lpoptions,12396,5.2276,8c422cd70efe024d087fe3f662be6fed,ca461260fd616fb5568f87b716d1cf15311f70675324e51a42f47939cdcc651d,MIPS,DYN,SYSTEMV,0,LSB,6864,10,2,0,True,True,True,False,13,0,9,41,5,8.2,53,0,1,1,0,31,1,12,4,0.433688,5.6067,2.5409,0,1240,1,1.755,0.0,167,9.32,21,0,0,0,0
lpq,13148,5.2868,0661d63343ac0a71edbfc3b8ca2a83bb,7acdc39772e1a4406e12f780e2186a05855b36271c3c7a87d1748ecfd7bad268,MIPS,DYN,SYSTEMV,0,LSB,5088,10,2,0,True,True,True,False,13,0,9,41,5,8.2,53,0,1,1,0,31,1,12,4,0.421053,5.6457,2.5848,0,1240,1,1.743,0.0,218,8.67,25,0,0,0,0
lpr,10948,5.2374,74b0b50ba969a164beebcaf071d5bfa8,18451f6f0b4dce32319073da1147e3173ebfe085a1e2afa9be9817d8d37f1cc7,MIPS,DYN,SYSTEMV,0,LSB,6528,10,2,0,True,True,True,False,13,0,9,33,5,6.6,44,0,1,1,0,30,1,11,4,0.378517,5.5553,2.513,0,1201,1,1.7425,0.0,192,8.67,24,0,0,0,0
lprm,6556,4.6647,2a5267a8315b1745cd5e71d86f85fde7,a83c226977dd2dec67351af59045184dcec8cfdc4610302ce24a88545a87e1bf,MIPS,DYN,SYSTEMV,0,LSB,3600,10,2,0,True,True,True,False,13,0,9,16,5,3.2,26,0,1,0,0,30,1,11,4,0.302624,5.3472,2.4592,0,1201,1,1.814,0.0,97,9.29,20,0,0,0,0
lpstat,28540,5.6307,06d872e42a65bac74ea0876ca1994e9b,971bace57e26f5b68c75f40e107f0fef3e718d5b12ba976299f91d8f05d64557,MIPS,DYN,SYSTEMV,0,LSB,8032,10,2,0,True,True,True,False,13,0,9,50,5,10.0,62,0,1,1,0,30,1,11,4,0.657603,5.6765,2.6824,0,1201,1,1.1124,0.0,402,8.13,28,0,0,0,0
ls-coreutils,165924,5.7856,f95a6501d1b1ed6dca7b74488a0c58a8,70ef7e45c9d3f781212e3136979f1727ddba76dfc07e49adaa76425b9109b066,MIPS,EXEC,SYSTEMV,1,LSB,4211328,10,2,0,True,True,True,False,3,0,1,147,4,36.75,164,0,1,5,0,34,1,13,5,0.675586,5.8207,2.6409,0,1361,1,1.4235,0.0,2134,6.86,67,0,6,7,1
maildirlock,10112,3.6538,3acad6524d13d47d45ce5b88d033585e,005ae235c793b0a9f731a25af9f77dcf130a7982ed18960ab49972540d6dc058,MIPS,DYN,SYSTEMV,0,LSB,4064,11,2,0,True,True,True,True,3,0,2,32,6,5.3333,52,0,1,5,0,30,1,11,4,0.166139,5.4175,2.5409,0,1201,1,3.4069,0.0,117,9.53,25,0,0,0,0
mailto,14388,5.2154,784990b8be2247b53e066e3f9d829f4e,1b026ae6f94dacd0ffcdffd2aba98ceb5ba4462805c9e4922d1e63c543dc999a,MIPS,DYN,SYSTEMV,0,LSB,4864,10,2,0,True,True,True,False,13,0,9,47,9,5.2222,68,0,1,3,0,30,1,11,4,0.408118,5.579,2.5543,0,0,0,2.1844,0.0,262,8.29,22,0,0,0,0
makeivs-ng,15484,5.5465,881242d1975688d33abd36f84a049e06,0af33a52b0f363f366e773f0700c1794eb95a5bb6f4f315cb35be5f1d1bfae8f,MIPS,EXEC,SYSTEMV,1,LSB,4201408,9,2,0,True,True,True,False,12,0,7,39,2,19.5,47,0,1,0,0,29,1,9,5,0.446396,5.8032,2.8316,0,416,1,1.5769,0.0,321,7.08,29,0,1,1,0
md5sum-coreutils,52820,5.6261,56453118ff9f0860c2570807a316d541,8e057cd793e08880cb396622b3fdf4be1d8cab20137c0ae3b1b6472a8793872f,MIPS,EXEC,SYSTEMV,1,LSB,4205024,10,2,0,True,True,True,False,2,0,0,66,5,13.2,84,0,1,2,0,34,1,13,5,0.626732,5.7795,2.5911,0,1361,1,1.382,0.0,590,7.18,39,0,4,4,0
mkdir-coreutils,47284,5.3521,6668dc47fe339651994cd4eb60ad8a6e,d7ad4aec594bce0e11c88b77590f123b3734580553135f2b6514fa2d1bfa1109,MIPS,EXEC,SYSTEMV,1,LSB,4200720,10,2,0,True,True,True,False,1,0,0,70,4,17.5,86,0,1,8,0,34,1,13,5,0.602995,5.612,2.5754,0,1361,1,1.6669,0.0,379,7.85,39,0,4,5,0
mke2fs,110284,6.0561,64d848e79f316da9e9721446cb415cc0,46eacb99348d3ac9bdb971beb63309c7fc998db741373e243b40eda749363315,MIPS,EXEC,SYSTEMV,1,LSB,4220096,9,2,0,True,True,True,False,9,0,5,235,2,117.5,250,0,1,5,0,30,1,9,4,0.627036,5.9225,2.8385,0,0,0,0.9833,0.0,2368,8.26,109,0,0,1,0
mkexfatfs,56616,5.8021,32161b922deda9c1d78fad894a29e87c,1cef63da0522158255451428bf1bd7dfa3fabc94603cf2f05265635b560fe7e0,MIPS,EXEC,SYSTEMV,1,LSB,4198368,10,2,0,True,True,True,False,2,0,0,48,2,24.0,58,0,1,0,0,33,1,12,4,0.605624,6.6784,2.7062,0,1321,1,1.9077,0.0,629,6.55,191,0,0,0,0
mkfifo-coreutils,40324,5.4197,e02e5558be1c845a6b595821e7ac3471,6f891f83ec1fd7c61ac86e918ca96782cf30791a8c2d43a509678e9a2dc49ece,MIPS,EXEC,SYSTEMV,1,LSB,4200464,10,2,0,True,True,True,False,1,0,0,60,4,15.0,76,0,1,3,0,34,1,13,5,0.592798,5.6292,2.5589,0,1361,1,1.5075,0.0,364,7.72,39,0,4,5,0
mkfs.exfat,48236,5.9702,18c6037bfa4d0a96b757656f8004bb31,e3422c29af33d41f55bd737d7b58661d0e18df3acd4442e15d8896eb2f0be4b2,MIPS,EXEC,SYSTEMV,1,LSB,4201232,10,2,0,True,True,True,False,2,0,0,43,2,21.5,53,0,1,0,0,32,1,11,4,0.595074,6.4831,2.5456,0,0,0,1.0993,0.0,549,7.47,191,0,0,0,0
mkfs.fat,51064,5.9784,4fbdd2c70530fbb173fc7bf4d8db6eaf,6a9a2253e1115ecf753376d4b6def243788e9260948f6dfe6e5a14df643b8d75,MIPS,EXEC,SYSTEMV,1,LSB,4208800,10,2,0,True,True,True,False,3,0,1,79,2,39.5,89,0,1,1,0,33,1,12,4,0.580918,6.0392,2.6062,0,0,0,1.3586,0.0,1131,6.48,92,0,0,0,0
mktemp-coreutils,42948,5.469,66c8f7db9359e33f708e5021005ad6a0,c942420aa0bc1940ec7ed1cf64713cb1f409bba601832f76896007572222ec2b,MIPS,EXEC,SYSTEMV,1,LSB,4201568,10,2,0,True,True,True,False,2,0,0,64,5,12.8,81,0,1,3,0,34,1,13,5,0.577815,5.6325,2.59,0,1361,1,1.4331,0.0,456,7.74,62,0,4,4,1
mount.davfs,117576,5.7159,d528b02fdec2e61947ad72b591d51d97,a65bfcf119a4a01106f7f7b63dfcab6f89460cb400d378dc7614a4df9b591c0e,MIPS,EXEC,SYSTEMV,1,LSB,4212496,10,2,0,True,True,True,False,8,0,6,212,2,106.0,221,0,1,16,0,33,1,12,4,0.706267,5.6676,2.4872,0,1321,1,1.0164,0.0,1393,7.93,65,0,3,3,0
mount.exfat-fuse,49528,5.7317,093d921e24117e3d41e547db0ff15d7c,b2d2a1b3afe9fea0c017abc0acd4c52faddd36d754f093070d29578c9843d8a5,MIPS,EXEC,SYSTEMV,1,LSB,4199264,10,2,0,True,True,True,False,4,0,1,56,2,28.0,66,0,1,0,0,33,1,12,4,0.687773,5.9109,2.5823,0,1321,1,1.3034,0.0,683,6.19,38,0,0,0,0
mount_afp,12924,5.3798,6b8bda23a42f6d751332a212ad41a243,bd8f1c398de9927803e515993827ad04fa9c5b827fbf002711c240237a30200d,MIPS,EXEC,SYSTEMV,1,LSB,4200176,10,2,0,True,True,True,False,9,0,6,40,2,20.0,47,0,1,7,0,32,1,11,4,0.349118,5.9792,2.4095,0,0,0,1.8239,0.0,289,7.7,20,0,0,1,0
multilog,29736,5.4521,eb070fe3ba42de661627655d3ecc1e6b,6755da996fa6e58c800e2fd2a0bce71ca90e1cd22ae7b46a939b5ba00bedce62,MIPS,EXEC,SYSTEMV,1,LSB,4197888,10,2,0,True,True,True,False,2,0,0,48,2,24.0,56,0,1,5,0,33,1,12,4,0.594566,5.7385,2.5101,0,0,0,1.619,0.0,489,6.37,17,0,0,1,0
mupdftoraster,10988,5.1264,2d62d62101e8e6faf0688a43d4b2aa78,ea47266a55f75953f86405509e380e0e9c3e850c498faa16000f2de424ccef02,MIPS,EXEC,SYSTEMV,1,LSB,4200960,10,2,0,True,True,True,False,16,0,11,51,2,25.5,57,0,1,4,0,32,1,11,4,0.320349,5.7243,2.477,0,1283,1,2.0068,0.0,203,8.14,27,0,0,0,0
mycrypt,15256,5.6498,907b7877c93a129b04ca513f634e458f,0c748e0685c3113c5f59c87379d7f8a804e6fcb345d2549bdeb14d86546f97c5,MIPS,EXEC,SYSTEMV,1,LSB,4196416,10,2,0,True,True,True,False,3,0,0,8,12,0.6667,25,0,1,0,0,32,1,11,5,0.651285,6.1318,2.5679,0,1280,1,1.6067,0.0,149,7.72,64,0,0,0,2
named,417772,6.2052,4a1331ba5b195d3da82887b4d06ab9fb,ba49bd0bba10d060c7e388e7ae16eeea8f024b2ca87bdb271267ce09ebc3555d,MIPS,EXEC,SYSTEMV,1,LSB,4259696,9,2,0,True,True,True,False,14,0,11,894,120,7.45,1116,0,1,39,0,31,1,10,4,0.558659,6.0544,2.8743,0,0,0,1.0807,0.0,8849,10.77,191,27,10,9,35
named-checkconf,25468,5.7021,11ab681b2295aacae408bb8c9d13943e,e3ff4a70d728732d361fbc830f178171d248b7680bae833476bc033ae8f822b7,MIPS,EXEC,SYSTEMV,1,LSB,4203184,9,2,0,True,True,True,False,6,0,5,95,9,10.5556,135,0,1,0,0,30,1,9,5,0.481231,5.894,2.9045,0,1202,1,1.5888,0.0,392,10.09,108,0,0,0,0
named-checkzone,23136,5.7749,48f47552a8440669d35f3b14383e4bce,f4858d82eeafebc5bb9ec99f6df0b192449ceae69e3b36ef54fc73e8605a1d1b,MIPS,EXEC,SYSTEMV,1,LSB,4204320,9,2,0,True,True,True,False,5,0,4,73,9,8.1111,112,0,1,0,0,31,1,10,5,0.472337,5.9984,2.7929,0,1241,1,1.6557,0.0,430,9.47,108,0,0,0,0
nice-coreutils,38724,5.4159,efa83e36f2be2125be8f5d8b3f40942b,df1a339fece3383035237f7f92fe4771c3fd08625f7570842c911e5606582430,MIPS,EXEC,SYSTEMV,1,LSB,4200384,10,2,0,True,True,True,False,1,0,0,53,3,17.6667,68,0,1,3,0,34,1,13,5,0.5768,5.6039,2.5672,0,1361,1,1.4704,0.0,396,7.5,39,0,4,4,0
nm,50384,5.6841,0c6f3498f8962a544fec47aad5003ef0,13b9437fb45296e7d9e8279dd060c909d353a3270ba6e84c9c1b7b0f25532cc7,MIPS,EXEC,SYSTEMV,1,LSB,4202304,10,2,0,True,True,True,False,7,0,4,89,21,4.2381,122,0,1,3,0,34,1,13,5,0.585583,5.7364,2.6461,0,1361,1,1.5108,0.0,644,8.72,187,0,1,1,1
nohup-coreutils,40420,5.4101,847baa44bc562a12a6f7e29b4661bf07,d99255a07384d1105872e2546dd7e8a9a49c14943fe4ffbf3c1ae3608ea9ca0c,MIPS,EXEC,SYSTEMV,1,LSB,4201040,10,2,0,True,True,True,False,1,0,0,60,3,20.0,75,0,1,4,0,34,1,13,5,0.58664,5.6141,2.5525,0,1361,1,1.5218,0.0,414,7.55,39,0,4,4,0
nslookup-bind,97444,6.0817,7d88742279d4cbcf249481cc58108a58,bc31919093f6f62cc891d5e65c3aa1d6dd502870719c837e12eabb37b3bb31a9,MIPS,EXEC,SYSTEMV,1,LSB,4210128,9,2,0,True,True,True,False,4,0,3,208,42,4.9524,323,0,1,6,0,31,1,10,5,0.631501,6.1055,2.9885,0,0,0,1.3717,0.0,1485,9.67,108,1,0,0,0
nsupdate,55888,5.9235,13f9da023b0001cd4b1d76e36c0b79a1,6c3dd14b08b91d8c407073d7bec7ef5a1ac999009501907a3522dbe467e21508,MIPS,EXEC,SYSTEMV,1,LSB,4208768,9,2,0,True,True,True,False,5,0,3,184,6,30.6667,216,0,1,1,0,30,1,9,4,0.539651,5.9637,2.6182,0,260,1,1.5907,0.0,980,9.68,108,0,0,0,0
numfmt,80532,5.7233,17094e5fbfa4d7c0a45ee81e65c6c6f4,29c0799ea7099eb8cc83b102c1c0d5c62774496a5ccb93396dfc9afcbc23ac8a,MIPS,EXEC,SYSTEMV,1,LSB,4204192,10,2,0,True,True,True,False,2,0,0,79,5,15.8,97,0,1,2,0,34,1,13,5,0.664382,5.7414,2.6033,0,1361,1,1.1938,0.0,997,7.19,39,0,4,4,0
obexd,299432,5.9151,cfadaefbd084237cfd4b35704a324e09,4691b2d7d33858e296d5206378eaa61c1471dd9ecf9ef7573aa3f853c73738ed,MIPS,EXEC,SYSTEMV,1,LSB,4214992,9,2,0,True,True,True,False,9,0,6,329,53,6.2075,386,0,1,38,0,32,1,11,5,0.744343,5.8097,2.9516,0,1196,1,0.9622,0.0,2982,10.51,79,0,2,2,0
objcopy,192532,5.9085,ffa04cce15d527fa90e9e23a56adc7a2,78492f8f755c2e72f60a6f40ff59a6b1a53a2790cacf304716ef5b2891ee5926,MIPS,EXEC,SYSTEMV,1,LSB,4221360,10,2,0,True,True,True,False,7,0,4,157,91,1.7253,265,0,1,6,0,34,1,13,5,0.711612,5.8334,2.7392,0,1361,1,1.1459,0.0,2311,8.72,187,0,1,1,0
od-coreutils,78212,5.7036,3c3e6e9bd87a9bee19b00db01806ca78,b95cef97a8e09d3bbd0af94b56b2d6b733c622b8d4f2e249a7732d1c4a9ad6b5,MIPS,EXEC,SYSTEMV,1,LSB,4205760,10,2,0,True,True,True,False,2,0,0,80,4,20.0,97,0,1,2,0,34,1,13,5,0.667724,5.7597,2.6294,0,1361,1,1.2162,0.0,748,7.33,39,0,4,4,1
old-stats,54984,5.2728,6fd517d75ebc9815f32fd47b9b2d375e,97de3ac728e11e287934aea9b476c60f6cd42edee1db75bb55834c5f47b44ed0,MIPS,DYN,SYSTEMV,0,LSB,11392,11,2,0,True,True,True,True,3,0,2,106,71,1.493,207,0,1,8,0,32,1,13,4,0.512149,5.7094,2.734,0,1282,1,2.7159,0.0,576,12.37,42,0,0,0,0
packetforge-ng,27608,6.0112,8172ac0a21e33ef005c1f2299a8cd8e3,9ed24e25c302dafa2049e20825d8321f1f7cea7f5ac9e920dec8ac925ac93ca9,MIPS,EXEC,SYSTEMV,1,LSB,4201936,9,2,0,True,True,True,False,12,0,7,44,2,22.0,52,0,1,1,0,29,1,9,5,0.54477,6.0506,2.8559,0,0,0,1.2554,0.0278,591,6.88,36,0,1,1,0
parallel,15692,5.4653,4eae6e410e5258eff45feef8bc8e9409,8c07f6b779aeb01c2f6387a661937afddca394224ec3c1147b3e3dad14f6b23a,MIPS,EXEC,SYSTEMV,1,LSB,4201120,10,2,0,True,True,True,False,13,0,8,46,2,23.0,52,0,1,1,0,32,1,11,4,0.497578,5.7121,2.4813,0,1283,1,1.7815,0.0,283,7.57,21,0,0,0,0
parse.f2fs,7896,4.9182,3e581bd7fe943be3dd4967f20f772768,64cdb5f7ef04ae19f9d8ac6e80749e5f2764da15657f2c8cbd4b9d25bb3942ae,MIPS,EXEC,SYSTEMV,1,LSB,4196912,10,2,0,True,True,True,False,2,0,0,18,2,9.0,25,0,1,0,0,33,1,12,4,0.346505,5.6741,2.4822,0,1321,1,1.7797,0.0,121,7.21,17,0,0,0,0
paste-coreutils,42756,5.3549,060efb09115e07009b8ebb7bad4f0bd5,7459014b3bb60c2b5e5601888b2442306f1d289e15cde0785366a5f4ffcc9090,MIPS,EXEC,SYSTEMV,1,LSB,4200736,10,2,0,True,True,True,False,1,0,0,63,3,21.0,79,0,1,2,0,34,1,13,5,0.59201,5.6446,2.5793,0,1361,1,1.8457,0.0,366,7.8,39,0,4,4,0
pathchk,36612,5.4149,73292dd31621473b877bfd45eb61f385,79cbb92ca471194d44912c2734f9c4d429ec394a8eeb32730b63b651eae983bb,MIPS,EXEC,SYSTEMV,1,LSB,4200912,10,2,0,True,True,True,False,1,0,0,52,3,17.3333,67,0,1,2,0,34,1,13,5,0.580356,5.6288,2.5649,0,1361,1,1.5292,0.0,373,7.59,66,0,4,4,1
pdftopdf,181356,5.7566,f046b9383622c36be1375f91c6ac1fce,505268c0d4b004b4c664b1c251d8ba3734c82d9315d0d77e3dfe30d1740f1e6c,MIPS,EXEC,SYSTEMV,1,LSB,4214096,11,2,0,True,True,True,False,15,0,10,208,27,7.7037,259,0,1,6,0,36,1,13,4,0.697677,5.5451,2.907,0,1442,1,0.7804,0.0,1282,12.14,102,0,1,1,61
pdftops,82392,5.7827,7f48df7eca52a2b3bca41a582b77494b,ee78ffd05419e006820e14dd0f6577c6df9e3d4b71f88a79150c54a5774623e8,MIPS,EXEC,SYSTEMV,1,LSB,4216560,11,2,0,True,True,True,False,15,0,10,138,12,11.5,168,0,1,6,0,36,1,13,4,0.616565,5.6064,2.8939,0,1442,1,1.0926,0.0,1270,9.65,83,0,0,0,37
pdftoraster,41104,5.3687,e2a5d7a55595bc002e964c56fea08962,8c72974e59d3ebdd045ef5c9608c0e9132e040e808daf19f2d9916cec67ca45c,MIPS,EXEC,SYSTEMV,1,LSB,4213264,11,2,0,True,True,True,False,19,0,14,103,8,12.875,116,0,1,2,0,34,1,12,4,0.465162,5.9211,2.7617,0,1363,1,2.5444,0.0,369,10.04,77,0,0,0,1
pgrphack,15084,4.6089,3416bb005d00bdf85e20481fa96b9eb8,63da62499b244c3cb139e66aae1ba2386aa551eae1294360f0eb10ec1b1cd295,MIPS,EXEC,SYSTEMV,1,LSB,4196160,10,2,0,True,True,True,False,2,0,0,11,2,5.5,19,0,1,1,0,32,1,11,4,0.420048,5.3801,2.374,0,176,1,2.6516,0.0,308,6.52,17,0,0,0,0
phear,25576,5.4729,aa8aa26389f059d759c032b74d1895c7,a9b7c8b53aa800f2500019270e22978e54eb2b0d382d119d5977687a13cd742a,MIPS,EXEC,SYSTEMV,1,LSB,4197792,10,2,0,True,True,True,False,4,0,2,40,2,20.0,51,0,1,1,0,33,1,12,4,0.64498,5.7124,2.5592,0,1321,1,1.365,0.0,281,6.38,22,0,0,1,0
pkgdetails,11036,5.1654,b2ef86e5d88aeaa90ed91fc0d669fc86,efb40f5664e93c3f51333387e4c17600192d2125723400f217661cc38269ca15,MIPS,EXEC,SYSTEMV,1,LSB,4198416,10,2,0,True,True,True,False,2,0,0,34,2,17.0,42,0,1,1,0,32,1,11,4,0.449438,5.7684,2.5132,0,1283,1,2.0605,0.0,120,7.89,26,0,0,0,0
pop3,53768,5.3967,5415b1d461f6cbad7704739d412571c4,b3196ca3e9611f7e3002ecd78509a94c54a7bc980f4ee416851057fad4a528bd,MIPS,DYN,SYSTEMV,0,LSB,13200,11,2,0,True,True,True,True,4,0,3,177,21,8.4286,228,0,1,9,0,32,1,13,4,0.492486,5.7449,2.694,0,1282,1,2.5314,0.0,706,11.05,42,0,0,0,0
pop3-login,27972,4.8735,a2d40458360da89ebe10eea74ff0b710,3c66bb96edd96e9e1328b4919b082d4187fc336ce6ea52bb94737ad72277df2f,MIPS,DYN,SYSTEMV,0,LSB,6928,11,2,0,True,True,True,True,4,0,3,90,17,5.2941,131,0,1,8,0,31,1,12,4,0.39754,5.6424,2.6571,0,1240,1,3.2187,0.0,329,10.79,34,0,0,0,0
pop3p,49844,5.7505,e16c7c6b4b0bdd416901b77aa3287573,f364bb3925e0bddbd0f794cd8d31607d73f4749a77a56e66965a6cb1b0b7f5cb,MIPS,EXEC,SYSTEMV,1,LSB,4206128,10,2,0,True,True,True,False,4,0,0,77,36,2.1389,132,0,1,11,0,32,1,11,5,0.680844,5.8499,2.7268,0,1280,1,1.2371,0.0,472,7.87,37,0,1,1,0
ppdc,128716,5.9189,61b15922a654178752cefdc2a5067de4,ab63b3310ea842abcb1c546a5040929cc8da5c125e256cdb60aecfee3e01dd76,MIPS,DYN,SYSTEMV,0,LSB,18096,11,2,0,True,True,True,False,14,0,10,75,105,0.7143,208,0,1,2,0,33,1,13,4,0.624507,5.7803,3.1912,0,1320,1,1.1855,0.0,1506,9.88,101,0,0,0,1
ppdhtml,124540,5.9042,698526ad41975933506b3d552e3b130f,0c00d909ec8880e5d87efd3bc824ecf7b59d942a7dfe2ec8b4dc3abe84e31065,MIPS,DYN,SYSTEMV,0,LSB,15264,11,2,0,True,True,True,False,14,0,10,64,104,0.6154,196,0,1,0,0,33,1,13,4,0.62669,5.7799,3.2005,0,1320,1,1.2302,0.0,1434,10.02,62,0,0,0,0
ppdi,128892,5.9148,09373cd7cd7bf7abb0a3f56d0f736152,9a89bf5c9f307b76cae65594352058c5fa3407a7de254c6fee735d149ebb4b5f,MIPS,DYN,SYSTEMV,0,LSB,14976,11,2,0,True,True,True,False,14,0,10,68,108,0.6296,204,0,1,0,0,33,1,13,4,0.635695,5.7676,3.1976,0,1320,1,1.1618,0.0,1412,10.19,62,0,0,0,0
ppdmerge,11556,5.0624,e3146ed09c177d2ec169c1d56c8d4292,1e55a400064c56b742468f40059151c02099495d96dffc8d88cc3ad452e564ce,MIPS,DYN,SYSTEMV,0,LSB,6336,11,2,0,True,True,True,False,14,0,10,41,5,8.2,53,0,1,0,0,32,1,12,4,0.318449,5.5551,2.7731,0,1282,1,1.827,0.0,186,9.35,20,0,0,0,0
ppdpo,124520,5.9104,9682cb39f379167d0464727a86e508de,770a2f100ab1728cc9084ca6c1015254d17c3a85ac3f576212dd6ae6afe8742d,MIPS,DYN,SYSTEMV,0,LSB,15728,11,2,0,True,True,True,False,14,0,10,62,105,0.5905,195,0,1,0,0,33,1,13,4,0.630646,5.7809,3.1895,0,1320,1,1.1845,0.0,1427,9.97,62,0,0,0,0
pr,92180,5.7662,1d7a8b4cf0856d8102aa91b63815fae1,8ec4632acb8d96c652b2bb5ff61db9955a54a65da09bbe3d05610c94739abb9f,MIPS,EXEC,SYSTEMV,1,LSB,4203440,10,2,0,True,True,True,False,2,0,0,85,4,21.25,102,0,1,4,0,34,1,13,5,0.675548,5.8031,2.6366,0,1361,1,1.2163,0.0,860,7.35,52,0,4,4,0
prezip-bin,6412,4.7048,64f4b946b8a6a2fa5533bce8f96d9d77,19fcbb68ca1a10b41642e24cd3e32fd5686c98f23d28c32eaa773cef267d7c43,MIPS,EXEC,SYSTEMV,1,LSB,4197872,10,2,0,True,True,True,False,3,0,0,12,2,6.0,20,0,1,0,0,32,1,11,4,0.361822,5.5773,2.4113,0,1283,1,2.2,0.0,75,7.92,17,0,0,0,0
printenv-coreutils,35156,5.392,2068e3a0a1daea5b1e7728517d08a86d,8374da9d84d60e8c0216a3cd362aec3d9a0c7a0100b6f10ec8cf44a6a733fe40,MIPS,EXEC,SYSTEMV,1,LSB,4199760,10,2,0,True,True,True,False,1,0,0,49,3,16.3333,67,0,1,2,0,34,1,13,5,0.571624,5.6196,2.586,0,1361,1,1.5162,0.0,351,7.58,39,0,4,4,0
printers.cgi,53908,5.8608,91881fc4e7dca029268b92147ac12e82,6d2b0267ffaeac9df3e4da4fa8478974ba0d75e3d18b811f57fe6c08ea3825bb,MIPS,DYN,SYSTEMV,0,LSB,10512,10,2,0,True,True,True,False,13,0,9,104,38,2.7368,150,0,1,2,0,31,1,12,4,0.660088,5.8402,2.6717,0,1180,1,1.2537,0.0,642,9.79,41,1,0,0,0
printf-coreutils,52980,5.6169,e1aebb9ecfd604d7c77d566a0febd060,aa0ca6e8835e9ffddef2900d3004f310eb9b6a799c5197d45e045ad313821791,MIPS,EXEC,SYSTEMV,1,LSB,4200192,10,2,0,True,True,True,False,2,0,0,60,4,15.0,76,0,1,2,0,34,1,13,5,0.630578,5.7449,2.6022,0,1361,1,1.3245,0.0,454,7.67,39,0,4,4,0
proxy,75108,6.0039,a1cdbf7520636d5b30935b562088d883,13802caa0bf240a4ca2b5e43427a0a2109743247393061faa8ad7dd933bd9f44,MIPS,EXEC,SYSTEMV,1,LSB,4206576,10,2,0,True,True,True,False,4,0,0,80,46,1.7391,147,0,1,11,0,32,1,11,5,0.708526,5.955,2.7462,0,1280,1,1.022,0.0,821,9.37,64,0,2,3,1
pstops,56468,5.8812,a5afe417a408e55a8961a1fe310cfe05,5836416e5d2ed892b3ecc17d2fd52c8fec84d50a167bfb8455935d743ad588b3,MIPS,DYN,SYSTEMV,0,LSB,18336,10,2,0,True,True,True,False,13,0,9,86,9,9.5556,112,0,1,3,0,30,1,11,4,0.689665,5.7463,2.7187,0,1201,1,0.8885,0.0,824,8.84,40,0,0,0,0
ptx,63892,5.5696,4a588024b5de8758b6088d2887b2fb16,4dbde09a995fbff97b9cebb35da2f5d1eb5730a7a1d658baea9236a77d0a309b,MIPS,EXEC,SYSTEMV,1,LSB,4210848,10,2,0,True,True,True,False,1,0,0,74,3,24.6667,90,0,1,2,0,34,1,13,5,0.657359,5.7824,2.5866,0,1361,1,1.6705,0.0,481,8.01,39,0,4,4,0
publictoip6,141820,6.2013,ffc3c049507fac6ea5f4a355b22de5a7,02536c9c716bdf768c6e123e69887cd74e2cb1b3c1a3a813d5f13a509201a8af,MIPS,DYN,SYSTEMV,0,LSB,6496,11,2,0,True,True,True,True,5,0,1,34,67,0.5075,109,0,1,0,0,31,1,12,4,0.872543,6.2726,2.7135,0,1240,1,0.818,0.0,555,10.34,53,0,0,0,1
quota-status,107112,5.769,82dfbde36e6a3771b72b9381f71be31b,00f3a3585af3fc4841b4c7ff9244b1002318d3a300d3ae28aba8e1abbbb9beda,MIPS,DYN,SYSTEMV,0,LSB,16272,11,2,0,True,True,True,True,7,0,4,206,56,3.6786,300,0,1,17,0,31,1,12,4,0.662036,5.8216,2.773,0,1240,1,1.2863,0.0,1276,9.92,42,0,0,0,0
ranlib,50976,5.6159,16cfecb1742e31fea1ecb8791f8f7984,fb1fe7bfeada0662cdf08228f2aca36128cd353db701ba640096b8d57b75fa0b,MIPS,EXEC,SYSTEMV,1,LSB,4203696,10,2,0,True,True,True,False,7,0,4,93,52,1.7885,175,0,1,6,0,33,1,12,5,0.57533,5.7385,2.7103,0,1322,1,1.5468,0.0,535,8.42,187,0,1,1,0
rastertobrlaser,32468,5.7587,437b82bace7618299edb3bd969563193,5f2c9bef97e32a5a658ce1ae4dae2d371e4d621e0a670a092a6d45f2a67ea32d,MIPS,EXEC,SYSTEMV,1,LSB,4202784,11,2,0,True,True,True,False,13,0,9,51,2,25.5,61,0,1,1,0,35,1,12,4,0.571147,5.7553,2.8305,0,1403,1,1.1111,0.0,405,9.74,86,0,0,0,1
rastertoepson,18116,5.3664,bee3923d9cde6fae69d4940cf57995c1,8d43a88b2f0b91dbd0766d093a991a504517e6af5860db6a3c981b1f1aca2a04,MIPS,DYN,SYSTEMV,0,LSB,5504,10,2,0,True,True,True,False,14,0,10,46,13,3.5385,80,0,1,1,0,31,1,12,4,0.525502,5.6633,2.6976,0,1243,1,1.5073,0.0,223,8.51,21,0,0,0,0
rastertoescpx,25944,5.7167,7a25d46ceb1ea680b50453a2e0c7f284,e37b47f66314de59c62a9020c70626245ec2d1e1a01a60ca60d289863033b2dd,MIPS,EXEC,SYSTEMV,1,LSB,4199680,10,2,0,True,True,True,False,16,0,11,62,2,31.0,69,0,1,2,0,33,1,12,4,0.552575,5.8982,2.4651,0,0,0,1.7222,0.0,466,7.7,21,0,0,0,0
rastertohp,14676,5.3352,8d8d693a68b663c86cc235b3abce6b7e,cad95a9eab8bdabcf775dfb45570208e8c382c247ec4775bec40add9abca40cc,MIPS,DYN,SYSTEMV,0,LSB,4880,10,2,0,True,True,True,False,14,0,10,36,12,3.0,64,0,1,1,0,31,1,12,4,0.473153,5.6579,2.6731,0,1243,1,1.5492,0.0,240,7.9,21,0,0,0,0
rastertolabel,18916,5.5431,21701cd528c8564e6887d7093102f28c,a06528788020a8dd57b99f22508b4970f4e676b881688c76e01e41ebb8e65775,MIPS,DYN,SYSTEMV,0,LSB,5296,10,2,0,True,True,True,False,14,0,10,45,12,3.75,72,0,1,1,0,31,1,12,4,0.503278,5.6668,2.6563,0,1243,1,1.5056,0.0,295,8.06,26,0,0,0,0
rastertopclx,28856,5.7774,86f25d642ce07a2aa38c38c7930ab289,5e2593a0953359f237ad12ce30a81ad2e88c4d8f1227dbccd35165222549674a,MIPS,EXEC,SYSTEMV,1,LSB,4200128,10,2,0,True,True,True,False,16,0,11,68,2,34.0,75,0,1,2,0,33,1,12,4,0.583865,5.9839,2.5515,0,1321,1,1.5881,0.0,479,7.64,27,0,0,0,0
rastertopdf,83292,5.6866,9452e4f501b3ad115a219c417b5b2285,6db51ffb6fb5807da18c6e8b2345160a60627da345d030116d1b20f0ee550cd8,MIPS,EXEC,SYSTEMV,1,LSB,4208976,11,2,0,True,True,True,False,19,0,14,135,25,5.4,175,0,1,1,0,36,1,13,4,0.626231,5.5486,2.8348,0,1442,1,1.1286,0.0,614,11.99,95,0,0,0,29
rastertops,10444,5.1807,1f860ff3f848945248ce64772c659d00,40bd955a9bf9551864575106ef946974a6b9ebdf62abcdb71681184dd9fcdf0c,MIPS,EXEC,SYSTEMV,1,LSB,4197840,10,2,0,True,True,True,False,16,0,11,28,2,14.0,36,0,1,1,0,32,1,11,4,0.33244,5.642,2.4881,0,1283,1,1.6011,0.0,206,8.8,21,0,0,0,0
rastertopwg,13328,5.4567,c4508a726cd62449eae71e6f4d7a3a95,896eda0f6807e793cdbac73c60d3091c682169a6a06a0889dd319b84c9f7315f,MIPS,DYN,SYSTEMV,0,LSB,8128,10,2,0,True,True,True,False,14,0,10,40,5,8.0,51,0,1,1,0,30,1,11,4,0.405762,5.6229,2.5493,0,1201,1,1.7249,0.0,246,9.3,22,0,0,0,0
rawlog,14592,4.9992,01015374e6f883e16f15bc653243c872,e0950e2bc0212966401b2cc1c1ae83c2f99dc81f462fd841cf8119d96229e660,MIPS,DYN,SYSTEMV,0,LSB,7040,11,2,0,True,True,True,True,3,0,2,68,6,11.3333,92,0,1,8,0,30,1,11,4,0.377193,5.5253,2.5489,0,1201,1,1.9708,0.0,195,9.87,33,0,0,0,0
rctest,34820,5.7914,98e41b44bb2f03fc105d18cf078a8cf3,f60cc4e57c7bb4623402564bb8b522233064db4c308221ed36446f799992d620,MIPS,EXEC,SYSTEMV,1,LSB,4201168,9,2,0,True,True,True,False,2,0,0,56,38,1.4737,99,0,1,8,0,30,1,9,5,0.621252,5.7465,2.8938,0,1202,1,1.3616,0.0,448,7.69,39,0,0,0,0
readelf,889708,6.38,309236df02b78ca46579a691d5ea942c,a93ba9c7a9d3cb9f57f2ca797152cb6de8a8b4aa29fdba2d8519c7b12cb7e67e,MIPS,EXEC,SYSTEMV,1,LSB,4208736,10,2,0,True,True,True,False,7,0,4,94,75,1.2533,219,0,1,1,0,34,1,13,5,0.662671,6.0835,2.842,0,1188,1,0.7657,0.0012,15942,9.83,190,0,1,1,3
readlink-coreutils,52180,5.4472,f77478506d947db8ddffe30a50a5f71c,669eb7ce724a3b5fc4dc2e032c28eb56e80d9132fd60fd02d1954150d807683d,MIPS,EXEC,SYSTEMV,1,LSB,4201472,10,2,0,True,True,True,False,2,0,0,81,4,20.25,97,0,1,2,0,34,1,13,5,0.620928,5.6105,2.5991,0,1361,1,1.3969,0.0,412,8.09,39,0,4,5,0
readproctitle,4120,4.0647,ad298e45d6c3a92476fb0a1004f6d3d9,5cc07eebcab4b3861eb3ffb8aa33c4d0ecde68197b97f76cd1118a3a5d7ac319,MIPS,EXEC,SYSTEMV,1,LSB,4195872,10,2,0,True,True,True,False,2,0,0,5,2,2.5,10,0,1,0,0,31,1,10,4,0.190291,5.3905,2.314,0,1240,1,1.6659,0.0,49,8.47,17,0,0,0,0
realpath-coreutils,53156,5.4327,beee8bd2a7d2be6792352f9fc3df7c43,59efb9221013ff0429c67ddedc759bf8a44c28be8845ec250bc8024039856ef5,MIPS,EXEC,SYSTEMV,1,LSB,4201840,10,2,0,True,True,True,False,2,0,0,81,4,20.25,97,0,1,2,0,34,1,13,5,0.630898,5.6087,2.6005,0,1361,1,1.4086,0.0,409,8.03,39,0,4,5,0
replicator,37380,5.4594,b7fbaed685de5c81a8216886b83f0927,9a8010f47282898f64828eff0ce052f2688093f0e636e4eeb8ad63608b7681cb,MIPS,DYN,SYSTEMV,0,LSB,9968,11,2,0,True,True,True,True,3,0,2,110,47,2.3404,177,0,1,14,0,32,1,13,4,0.489246,5.7111,2.6386,0,1282,1,1.9177,0.0,472,12.6,45,0,0,0,0
rfcomm,16252,5.5673,c0e3a80dabcd8d989d18790ac12bf5fe,f5e0767ec1f395d430908926d2aecbbc8518b0fb8f17bc6ec124cc93311ba09d,MIPS,EXEC,SYSTEMV,1,LSB,4198400,9,2,0,True,True,True,False,2,0,0,47,4,11.75,57,0,1,8,0,30,1,9,5,0.488309,5.8908,2.8065,0,1202,1,1.6847,0.0,290,7.02,35,0,0,0,0
rmdir-coreutils,39396,5.3827,995669c16cf532acfb3c3932fe531e70,7801de3c0ba4a3c3b5c9bc21ecef7987618ae4eb138f4bb26a833c1558cbb688,MIPS,EXEC,SYSTEMV,1,LSB,4200848,10,2,0,True,True,True,False,1,0,0,60,3,20.0,75,0,1,2,0,34,1,13,5,0.587674,5.5965,2.5817,0,1361,1,1.447,0.0,351,7.89,39,0,4,4,0
rmt,52056,5.5286,b897cd05e99991e47e6fe26f1d583d6d,5828c968b3c54e9ad00b9c0d37b037953a9bba02eff7de14e67452dfdde1fbb7,MIPS,EXEC,SYSTEMV,1,LSB,4201264,10,2,0,True,True,True,False,2,0,0,61,7,8.7143,82,0,1,2,0,33,1,12,4,0.716459,5.6214,2.6033,0,1321,1,1.1254,0.0,421,7.65,33,0,3,3,0
rotatelogs,16024,5.4697,019d77595b03948da74a686fe5659bb4,00843e6a33dd3c63d19829efadfcbe5e199979420a07e876ca4a1016b555afc9,MIPS,EXEC,SYSTEMV,1,LSB,4200656,10,2,0,True,True,True,False,9,0,4,46,2,23.0,52,0,1,2,0,33,1,12,5,0.363455,5.7261,2.3903,0,0,0,1.5389,0.0,448,7.56,74,0,0,0,0
rss,13924,5.2624,a705e168722feaf6e0ee5e288b0e19f0,79c2de18b320417086d677aa251e138eeb0b30f9aeaf70a7fdd9bcc32c1ae2fe,MIPS,DYN,SYSTEMV,0,LSB,8560,10,2,0,True,True,True,False,13,0,9,57,5,11.4,68,0,1,3,0,30,1,11,4,0.425165,5.559,2.5604,0,1201,1,1.6506,0.0,221,9.28,29,0,0,0,0
run_erl,22864,5.1826,25585cd9f89e3a2c2ceec21f85fa20cb,9465e8512b331244720b44733a37b637e418e6134c03a4c21aca5098b0d42877,MIPS,EXEC,SYSTEMV,1,LSB,4201616,12,2,0,True,True,True,True,3,0,2,65,2,32.5,72,0,1,6,0,33,1,11,4,0.408677,5.7676,2.7117,0,0,0,3.0628,0.0,360,7.46,28,0,0,1,0
script,14500,4.4532,0da5b7838954be01ec643c96675c35f1,80dcab1d1f0856ff4177e6b220b313eef2868b247ac196deb2bb7534436d0c38,MIPS,DYN,SYSTEMV,0,LSB,5120,11,2,0,True,True,True,True,3,0,2,50,6,8.3333,74,0,1,4,0,30,1,11,4,0.288,5.5359,2.6117,0,1201,1,3.2243,0.0,205,9.94,32,0,0,0,0
script-login,14264,4.1121,8e503192d84cc945fc17f9653ac48c5a,4ff92e57cabd2383cae26526f18a7cce65221baa69abf483db2c4747ff316872,MIPS,DYN,SYSTEMV,0,LSB,5248,11,2,0,True,True,True,True,4,0,3,52,6,8.6667,74,0,1,6,0,30,1,11,4,0.241167,5.4145,2.5232,0,1201,1,3.5279,0.0,183,10.27,36,0,0,0,0
serial,12156,5.4452,027ed3570a1f92fdb3f4f3a0a688e01f,21b99b49a4e68aa42b570bc66d74fbf99b6358554f8f28062b8cd0a3b01bc949,MIPS,EXEC,SYSTEMV,1,LSB,4202176,10,2,0,True,True,True,False,13,0,8,37,2,18.5,43,0,1,1,0,32,1,11,4,0.438302,5.9013,2.4588,0,1283,1,1.9541,0.0,224,7.52,21,0,0,0,0
setfattr,13496,5.1423,ea77043db52d1ef6d83f2f55e301f346,5f6dda9017234805169d0a0afbb5e9a0a600ab3fc8cc1de6a5c72e4bf0e95dd9,MIPS,EXEC,SYSTEMV,1,LSB,4197744,10,2,0,True,True,True,False,3,0,1,32,2,16.0,41,0,1,3,0,34,1,13,5,0.46473,5.6493,2.5598,0,1361,1,1.6719,0.0,177,7.32,17,0,0,0,0
setlock,15324,5.0243,a2eb23d14d344f27de5b4e26b146ea0d,e17584cf1fa50486d4e5f5c306b7d3ac60aeb4f961adcc0cc9a8160d401f9fdc,MIPS,EXEC,SYSTEMV,1,LSB,4196544,10,2,0,True,True,True,False,2,0,0,12,2,6.0,20,0,1,1,0,32,1,11,4,0.488645,5.4975,2.385,0,320,1,1.771,0.0,339,6.34,17,0,0,0,0
setuidgid,15368,5.0743,800eb5a1990f2b2e05798792e46ba37f,dfcd34daf69be93cd23da819ed4acf17c9e626e2aeb5f0a9efc4a5da31608118,MIPS,EXEC,SYSTEMV,1,LSB,4196656,10,2,0,True,True,True,False,2,0,0,15,2,7.5,23,0,1,3,0,33,1,12,4,0.488287,5.4893,2.3868,0,364,1,1.757,0.0,341,6.45,17,0,0,0,0
setuser,15500,5.1937,41611c7c2de63ac23d43c8c7b10bab18,707e2fb8b2998a79809300af44605a5c0224e753176ecd224ce488c0f8824484,MIPS,EXEC,SYSTEMV,1,LSB,4196832,10,2,0,True,True,True,False,2,0,0,17,2,8.5,25,0,1,3,0,32,1,11,4,0.514065,5.464,2.4021,0,432,1,1.2747,0.0,346,6.36,17,0,0,0,0
sha1sum-coreutils,55380,5.6123,eefd2231a7829507102240dcf521d1dd,fc102aba80bd480ddf11864c2cc1296f68970006f26bf0f45cb4200139a2632c,MIPS,EXEC,SYSTEMV,1,LSB,4205024,10,2,0,True,True,True,False,2,0,0,66,5,13.2,84,0,1,2,0,34,1,13,5,0.626941,5.8561,2.5703,0,1361,1,1.6236,0.0,561,7.34,39,0,4,4,0
sha224sum,61268,5.7842,8e700e02a3f5c5cf7dfc28ca2693211b,2c136dbdb10367a7759746b68b7c34501aa03470cf55ed9f3a1fe79d605235fb,MIPS,EXEC,SYSTEMV,1,LSB,4205024,10,2,0,True,True,True,False,2,0,0,66,5,13.2,84,0,1,2,0,34,1,13,5,0.674806,5.966,2.5847,0,1361,1,1.4068,0.0,580,7.23,39,0,4,4,0
sha256sum-coreutils,61268,5.7841,5e4ef08393c0c37faea3434629e03edb,3d3abcf3ab112a17fc2481d67f4afe2fdd1c3229158fc527b9c0e4d95e12494a,MIPS,EXEC,SYSTEMV,1,LSB,4205024,10,2,0,True,True,True,False,2,0,0,66,5,13.2,84,0,1,2,0,34,1,13,5,0.674806,5.9658,2.5844,0,1361,1,1.4057,0.0,580,7.24,39,0,4,4,0
sha384sum,111476,6.1685,eb36dd0087122a04443a71bd4b3eaffd,35e50b2bec9464cc2941ca752030bb2b84a67fb4232ab257f41079cb5dbaf421,MIPS,EXEC,SYSTEMV,1,LSB,4205040,10,2,0,True,True,True,False,2,0,0,66,5,13.2,84,0,1,2,0,34,1,13,5,0.820553,6.249,2.6174,0,1361,1,1.0608,0.0,634,7.01,39,0,4,4,0
shuf-coreutils,61764,5.5059,054fcdeadba28486f3fc3cb30d441961,84231f253a56449fa98c8109916fdfe3070b3b1f62538f8059a9a9b563590ed0,MIPS,EXEC,SYSTEMV,1,LSB,4204400,10,2,0,True,True,True,False,2,0,0,88,5,17.6,106,0,1,2,0,34,1,13,5,0.653585,5.6613,2.6064,0,1361,1,1.4051,0.0,456,7.73,39,0,4,4,0
size,28416,5.5891,8787025068a4b599ac61146e558c20c1,5e1e0dc112078e3ab8d7eeca349234550e386f6a42f556dd243101f8eba8d4dc,MIPS,EXEC,SYSTEMV,1,LSB,4200816,10,2,0,True,True,True,False,7,0,4,71,17,4.1765,103,0,1,3,0,33,1,12,5,0.530405,5.7293,2.6082,0,1322,1,1.4726,0.0,385,8.49,187,0,1,1,0
sleep-coreutils,38516,5.3649,40fab6d138256d78d7dd4209c82b43d5,4f2ba403601134cf4c8c4531cf15e4f87070290d4c820c568d82db3cc5041dfd,MIPS,EXEC,SYSTEMV,1,LSB,4200832,10,2,0,True,True,True,False,2,0,0,63,4,15.75,79,0,1,2,0,34,1,13,5,0.576592,5.6368,2.5738,0,1361,1,1.5891,0.0,342,7.75,39,0,4,4,0
smtpp,58372,5.5663,3095a66fa8b478ef509b4a4083c23824,b07a04b697898ba7c48ceb96666620a6040214570e9869f4afd6747cc7dc62b0,MIPS,EXEC,SYSTEMV,1,LSB,4206240,10,2,0,True,True,True,False,4,0,0,77,38,2.0263,136,0,1,11,0,32,1,11,5,0.658124,5.8572,2.7235,0,1280,1,2.2845,0.0,503,7.92,64,0,1,1,1
snmp,23452,5.4845,e502359ed39291479c90ce51a1dc107d,5c27f26be6110aba146d52b60ddaf1ab966c6a3a507e884944a74094ed79647a,MIPS,DYN,SYSTEMV,0,LSB,5616,10,2,0,True,True,True,False,13,0,9,82,6,13.6667,94,0,1,3,0,30,1,11,4,0.528057,5.7234,2.6327,0,1201,1,1.6166,0.0,339,8.38,25,0,0,0,0
socket,35700,5.5927,8e056fb0581821cb8fb64fa65908b934,90c7bd3915bc53910c810ecf16450b13d69c3288d51be27350f64b8aa00104f8,MIPS,DYN,SYSTEMV,0,LSB,8880,10,2,0,True,True,True,False,13,0,9,70,11,6.3636,87,0,1,1,0,31,1,12,4,0.530196,5.9749,2.6864,0,0,0,2.4344,0.0,515,9.63,35,0,0,0,0
socks,58056,5.6128,373e87a6ad2c0bb4ae28bbe04f624ff1,f2336803b1e5233075a36d62f2f85925b307de8f8f93a1e86cb3f2bf700c4a98,MIPS,EXEC,SYSTEMV,1,LSB,4206144,10,2,0,True,True,True,False,4,0,0,78,35,2.2286,133,0,1,11,0,32,1,11,5,0.680722,5.8787,2.7257,0,1280,1,2.0095,0.0,471,7.84,37,1,1,1,0
softlimit,15964,5.3242,3de1d1e4ed02a5e2fe34d524262a6852,34d14bc34ceb3d652a68a23daba19be7abdaa55a3b155c6645fc0a748d6591c1,MIPS,EXEC,SYSTEMV,1,LSB,4196816,10,2,0,True,True,True,False,2,0,0,13,2,6.5,21,0,1,1,0,32,1,11,4,0.508143,5.5249,2.4252,0,336,1,1.2886,0.0,368,6.88,22,0,0,0,0
stat-coreutils,103892,5.8168,96aadac1ec8ce631c7cdafda149ead53,49f8cafff3a9ef7344805d0a1d0139f61499d2fe0c11a1c4f29f7c636f33c489,MIPS,EXEC,SYSTEMV,1,LSB,4202944,10,2,0,True,True,True,False,2,0,0,101,5,20.2,118,0,1,4,0,34,1,13,5,0.694105,5.8635,2.626,0,1361,1,1.1155,0.0,1201,6.58,39,0,4,6,0
stereorize,20180,5.4453,6b2c63e06861a931c1a3ecbb75be5122,8ff3496c6be05c86fd8591ec5d40ab1aff127f53d2f21948e19785ff4e7ecb45,MIPS,EXEC,SYSTEMV,1,LSB,4198672,10,2,0,True,True,True,False,5,0,1,32,3,10.6667,41,0,1,0,0,34,1,13,5,0.520912,5.5988,2.6243,0,1361,1,1.3756,0.0,423,6.55,17,0,0,0,0
stty-coreutils,78036,5.6954,65368a9e2465d679742673462220ad06,eaf207475ab84e67ec9bf6bb5761b1ccbe1bdb12e532d0e04382f775a84d9313,MIPS,EXEC,SYSTEMV,1,LSB,4203040,10,2,0,True,True,True,False,1,0,0,66,3,22.0,81,0,1,2,0,34,1,13,5,0.614486,5.718,2.5707,0,1361,1,1.1511,0.0,1230,6.71,39,0,4,4,0
submission,91188,5.749,047acbaf53325baa1f1e71476fd9d57a,f3c44fca1ed84eabbafdf20e404673d89c9248814ceae9466c096d29d319b957,MIPS,EXEC,SYSTEMV,1,LSB,4215952,10,2,0,True,True,True,False,4,0,3,246,85,2.8941,368,0,1,42,0,35,1,14,5,0.514103,5.8106,2.6787,0,1400,1,1.4213,0.0,1279,13.2,46,0,0,0,0
submission-login,26404,5.4111,aa52768be085b8e49ac573e13518b775,63a3315b376ff94b3e7bc00b198f7e860e3707e57d89a108dffbfa3e1a7b8666,MIPS,EXEC,SYSTEMV,1,LSB,4202288,10,2,0,True,True,True,False,4,0,3,97,16,6.0625,134,0,1,14,0,33,1,12,4,0.392668,5.7626,2.4587,0,1322,1,1.8842,0.0,397,12.26,43,0,0,0,0
suexec,11116,5.2963,97944ef5a0b64914a9f80bb393d7e2cc,c9795f8a02d22a2cd36fb18e1b9c1429836d53072cb381c0018049765ee796be,MIPS,EXEC,SYSTEMV,1,LSB,4199264,10,2,0,True,True,True,False,2,0,0,36,2,18.0,45,0,1,3,0,32,1,11,4,0.280677,5.599,2.4918,0,1283,1,1.6993,0.0,285,8.56,33,0,0,0,0
supervise,25032,5.2353,4b466ec12590233171743fd50a81a36a,6c46027e2515f1ce3b6bf2982b6e4be9c8804bf3a928bddae5f89a59458fd44f,MIPS,EXEC,SYSTEMV,1,LSB,4198496,10,2,0,True,True,True,False,2,0,0,39,2,19.5,47,0,1,3,0,33,1,12,4,0.542026,5.6367,2.479,0,1321,1,1.68,0.0,436,6.24,17,0,0,0,0
svc,16008,5.2182,c09a4fc61133094feccac98a80a78c4e,0880dfe50abea21aaf51fb0d159c3be954e63ef42f57b34808e5ed88804ff9bc,MIPS,EXEC,SYSTEMV,1,LSB,4197184,10,2,0,True,True,True,False,2,0,0,18,2,9.0,26,0,1,0,0,33,1,12,4,0.488756,5.5175,2.3827,0,472,1,1.3668,0.0,383,6.37,19,0,0,0,0
svok,15228,4.6234,81e0fe2dc6911b0ef356d5b4f77768a1,61f58a442dddf29cf06c7c607c9698fc45a174f2a162656af7e8166d8b1b0813,MIPS,EXEC,SYSTEMV,1,LSB,4196416,10,2,0,True,True,True,False,2,0,0,12,2,6.0,20,0,1,0,0,32,1,11,4,0.413974,5.3658,2.3941,0,288,1,2.5489,0.0,329,6.39,17,0,0,0,0
svscan,19688,4.9024,742e4e745dd2dbe23be776eabafd2c33,3883a63da576399a0953c00020237b5d0ea08ebd515a4d2cd7a95bd538905f37,MIPS,EXEC,SYSTEMV,1,LSB,4197296,10,2,0,True,True,True,False,2,0,0,27,2,13.5,35,0,1,3,0,33,1,12,4,0.482731,5.5545,2.3988,0,0,0,2.5632,0.0,373,6.34,17,0,0,0,0
svstat,19788,4.8669,bbaf8439f8881a198a866aefabb7c419,74cbfc07649c5ca6302fdde9b7e6465a6a68bcaff53e532fb75cf993fbda571c,MIPS,EXEC,SYSTEMV,1,LSB,4196768,10,2,0,True,True,True,False,2,0,0,19,2,9.5,27,0,1,0,0,32,1,11,4,0.468971,5.5911,2.4096,0,0,0,2.73,0.0,383,6.37,17,0,0,0,0
